COD_TABELA_PRECO;COD_INSTITUICAO;NOM_INSTITUICAO;COD_CAMPUS;NOM_CAMPUS;COD_CURSO;NOM_CURSO;COD_TURNO;NOM_TURNO;COD_TIPO_CURSO;NOM_TIPO_CURSO;NOM_MODALIDADE;DT_INI_VIGENCIA;DT_FIM_VIGENCIA;DT_INI_VIGENCIA_TABELA;DT_FIM_VIGENCIA_TABELA;IND_TIPO_PRECO;TIPO_COBRANCA;VAL_FIXO;VAL_FIXO_PRAT;DISCIPLINA_EXTRA;ID_PERIODO_CURSO;REAJUSTAR_FIXO;REAJUSTAR_PRATICADO;IND_PRECO;PRECO_SELECIONADO
2792;374;UNIVERSIDADE ESTACIO DE SA;1837;EAD ANAPOLIS - MARACANA - GO;2;ADMINISTRACAO;9;VIRTUAL;11;TRADICIONAL;EAD;01/07/1970;31/12/2019;01/01/2020;;3;PRECO FIXO;314,14;314,14;;0;;;;
2792;374;UNIVERSIDADE ESTACIO DE SA;1837;EAD ANAPOLIS - MARACANA - GO;3386;ADMINISTRACAO PUBLICA;9;VIRTUAL;11;TRADICIONAL;EAD;01/07/1970;31/12/2019;01/01/2020;;3;PRECO FIXO;357;357;;0;;;;
2850;374;UNIVERSIDADE ESTACIO DE SA;1837;EAD ANAPOLIS - MARACANA - GO;4340;ANALISE E DESENVOLVIMENTO DE SISTEMAS;9;VIRTUAL;4;TECNOLOGICA;EAD;01/07/1970;31/12/2019;01/01/2020;;3;PRECO FIXO;299,86;299,86;;0;;;;
2792;374;UNIVERSIDADE ESTACIO DE SA;1837;EAD ANAPOLIS - MARACANA - GO;945;ARTES VISUAIS;9;VIRTUAL;11;TRADICIONAL;EAD;01/07/1970;31/12/2019;01/01/2020;;3;PRECO FIXO;285,57;285,57;;0;;;;
2850;374;UNIVERSIDADE ESTACIO DE SA;1837;EAD ANAPOLIS - MARACANA - GO;4202;BANCO DE DADOS;9;VIRTUAL;4;TECNOLOGICA;EAD;01/07/1970;31/12/2019;01/01/2020;;3;PRECO FIXO;299,86;299,86;;0;;;;
2792;374;UNIVERSIDADE ESTACIO DE SA;1837;EAD ANAPOLIS - MARACANA - GO;556;CIENCIA DA COMPUTACAO;9;VIRTUAL;11;TRADICIONAL;EAD;01/07/1970;31/12/2019;01/01/2020;;3;PRECO FIXO;642,71;642,71;;0;;;;
2850;374;UNIVERSIDADE ESTACIO DE SA;1837;EAD ANAPOLIS - MARACANA - GO;3388;CIENCIA DE DADOS;9;VIRTUAL;4;TECNOLOGICA;EAD;01/07/1970;31/12/2019;01/01/2020;;3;PRECO FIXO;328,43;328,43;;0;;;;
2792;374;UNIVERSIDADE ESTACIO DE SA;1837;EAD ANAPOLIS - MARACANA - GO;22;CIENCIAS CONTABEIS;9;VIRTUAL;11;TRADICIONAL;EAD;01/07/1970;31/12/2019;01/01/2020;;3;PRECO FIXO;314,14;314,14;;0;;;;
2792;374;UNIVERSIDADE ESTACIO DE SA;1837;EAD ANAPOLIS - MARACANA - GO;4519;CIENCIAS DA NATUREZA;9;VIRTUAL;11;TRADICIONAL;EAD;01/07/1970;31/12/2019;01/01/2020;;3;PRECO FIXO;285,57;285,57;;0;;;;
2792;374;UNIVERSIDADE ESTACIO DE SA;1837;EAD ANAPOLIS - MARACANA - GO;3;CIENCIAS ECONOMICAS;9;VIRTUAL;11;TRADICIONAL;EAD;01/07/1970;31/12/2019;01/01/2020;;3;PRECO FIXO;399,86;399,86;;0;;;;
2792;374;UNIVERSIDADE ESTACIO DE SA;1837;EAD ANAPOLIS - MARACANA - GO;4520;CIENCIAS EXATAS;9;VIRTUAL;11;TRADICIONAL;EAD;01/07/1970;31/12/2019;01/01/2020;;3;PRECO FIXO;285,57;285,57;;0;;;;
2792;374;UNIVERSIDADE ESTACIO DE SA;1837;EAD ANAPOLIS - MARACANA - GO;4521;CIENCIAS HUMANAS;9;VIRTUAL;11;TRADICIONAL;EAD;01/07/1970;31/12/2019;01/01/2020;;3;PRECO FIXO;399,86;399,86;;0;;;;
2850;374;UNIVERSIDADE ESTACIO DE SA;1837;EAD ANAPOLIS - MARACANA - GO;4342;COMERCIO EXTERIOR;9;VIRTUAL;4;TECNOLOGICA;EAD;01/07/1970;31/12/2019;01/01/2020;;3;PRECO FIXO;299,86;299,86;;0;;;;
2792;374;UNIVERSIDADE ESTACIO DE SA;1837;EAD ANAPOLIS - MARACANA - GO;4523;COMPUTACAO;9;VIRTUAL;11;TRADICIONAL;EAD;01/07/1970;31/12/2019;01/01/2020;;3;PRECO FIXO;285,57;285,57;;0;;;;
2850;374;UNIVERSIDADE ESTACIO DE SA;1837;EAD ANAPOLIS - MARACANA - GO;4369;COMUNICACAO INSTITUCIONAL;9;VIRTUAL;4;TECNOLOGICA;EAD;01/07/1970;31/12/2019;01/01/2020;;3;PRECO FIXO;328,43;328,43;;0;;;;
2850;374;UNIVERSIDADE ESTACIO DE SA;1837;EAD ANAPOLIS - MARACANA - GO;4389;COZINHA CONTEMPORANEA;9;VIRTUAL;4;TECNOLOGICA;EAD;01/07/1970;31/12/2019;01/01/2020;;3;PRECO FIXO;642,71;642,71;;0;;;;
2850;374;UNIVERSIDADE ESTACIO DE SA;1837;EAD ANAPOLIS - MARACANA - GO;4093;DEFESA CIBERNETICA;9;VIRTUAL;4;TECNOLOGICA;EAD;01/07/1970;31/12/2019;01/01/2020;;3;PRECO FIXO;299,86;299,86;;0;;;;
2792;374;UNIVERSIDADE ESTACIO DE SA;1837;EAD ANAPOLIS - MARACANA - GO;3389;ENGENHARIA DE SOFTWARE;9;VIRTUAL;11;TRADICIONAL;EAD;01/07/1970;31/12/2019;01/01/2020;;3;PRECO FIXO;657;657;;0;;;;
2792;374;UNIVERSIDADE ESTACIO DE SA;1837;EAD ANAPOLIS - MARACANA - GO;645;FILOSOFIA;9;VIRTUAL;11;TRADICIONAL;EAD;01/07/1970;31/12/2019;01/01/2020;;3;PRECO FIXO;285,57;285,57;;0;;;;
2792;374;UNIVERSIDADE ESTACIO DE SA;1837;EAD ANAPOLIS - MARACANA - GO;4019;GEOGRAFIA;9;VIRTUAL;11;TRADICIONAL;EAD;01/07/1970;31/12/2019;01/01/2020;;3;PRECO FIXO;285,57;285,57;;0;;;;
2792;374;UNIVERSIDADE ESTACIO DE SA;1837;EAD ANAPOLIS - MARACANA - GO;4020;GEOGRAFIA;9;VIRTUAL;11;TRADICIONAL;EAD;01/07/1970;31/12/2019;01/01/2020;;3;PRECO FIXO;285,57;285,57;;0;;;;
2792;374;UNIVERSIDADE ESTACIO DE SA;1837;EAD ANAPOLIS - MARACANA - GO;4509;GEOGRAFIA - SEGUNDA LICENCIATURA;9;VIRTUAL;11;TRADICIONAL;EAD;01/07/1970;31/12/2019;01/01/2020;;3;PRECO FIXO;285,57;285,57;;0;;;;
2850;374;UNIVERSIDADE ESTACIO DE SA;1837;EAD ANAPOLIS - MARACANA - GO;4516;GERONTOLOGIA - BEM ESTAR E EDUCACAO;9;VIRTUAL;4;TECNOLOGICA;EAD;01/07/1970;31/12/2019;01/01/2020;;3;PRECO FIXO;371,29;371,29;;0;;;;
2850;374;UNIVERSIDADE ESTACIO DE SA;1837;EAD ANAPOLIS - MARACANA - GO;4345;GESTAO AMBIENTAL;9;VIRTUAL;4;TECNOLOGICA;EAD;01/07/1970;31/12/2019;01/01/2020;;3;PRECO FIXO;299,86;299,86;;0;;;;
2850;374;UNIVERSIDADE ESTACIO DE SA;1837;EAD ANAPOLIS - MARACANA - GO;4347;GESTAO COMERCIAL;9;VIRTUAL;4;TECNOLOGICA;EAD;01/07/1970;31/12/2019;01/01/2020;;3;PRECO FIXO;299,86;299,86;;0;;;;
2850;374;UNIVERSIDADE ESTACIO DE SA;1837;EAD ANAPOLIS - MARACANA - GO;4370;GESTAO DA QUALIDADE;9;VIRTUAL;4;TECNOLOGICA;EAD;01/07/1970;31/12/2019;01/01/2020;;3;PRECO FIXO;371,29;371,29;;0;;;;
2850;374;UNIVERSIDADE ESTACIO DE SA;1837;EAD ANAPOLIS - MARACANA - GO;4334;GESTAO DA TECNOLOGIA DA INFORMACAO;9;VIRTUAL;4;TECNOLOGICA;EAD;01/07/1970;31/12/2019;01/01/2020;;3;PRECO FIXO;299,86;299,86;;0;;;;
2850;374;UNIVERSIDADE ESTACIO DE SA;1837;EAD ANAPOLIS - MARACANA - GO;4070;GESTAO DE RECURSOS HUMANOS;9;VIRTUAL;4;TECNOLOGICA;EAD;01/07/1970;31/12/2019;01/01/2020;;3;PRECO FIXO;299,86;299,86;;0;;;;
2850;374;UNIVERSIDADE ESTACIO DE SA;1837;EAD ANAPOLIS - MARACANA - GO;4346;GESTAO DE SEGURANCA PRIVADA;9;VIRTUAL;4;TECNOLOGICA;EAD;01/07/1970;31/12/2019;01/01/2020;;3;PRECO FIXO;357;357;;0;;;;
2850;374;UNIVERSIDADE ESTACIO DE SA;1837;EAD ANAPOLIS - MARACANA - GO;4335;GESTAO DE TURISMO;9;VIRTUAL;4;TECNOLOGICA;EAD;01/07/1970;31/12/2019;01/01/2020;;3;PRECO FIXO;299,86;299,86;;0;;;;
2792;374;UNIVERSIDADE ESTACIO DE SA;1837;EAD ANAPOLIS - MARACANA - GO;4515;GESTAO E EMPREENDEDORISMO;9;VIRTUAL;11;TRADICIONAL;EAD;01/07/1970;31/12/2019;01/01/2020;;3;PRECO FIXO;285,57;285,57;;0;;;;
2850;374;UNIVERSIDADE ESTACIO DE SA;1837;EAD ANAPOLIS - MARACANA - GO;4366;GESTAO FINANCEIRA;9;VIRTUAL;4;TECNOLOGICA;EAD;01/07/1970;31/12/2019;01/01/2020;;3;PRECO FIXO;299,86;299,86;;0;;;;
2850;374;UNIVERSIDADE ESTACIO DE SA;1837;EAD ANAPOLIS - MARACANA - GO;4076;GESTAO HOSPITALAR;9;VIRTUAL;4;TECNOLOGICA;EAD;01/07/1970;31/12/2019;01/01/2020;;3;PRECO FIXO;299,86;299,86;;0;;;;
2850;374;UNIVERSIDADE ESTACIO DE SA;1837;EAD ANAPOLIS - MARACANA - GO;4292;GESTAO PUBLICA;9;VIRTUAL;4;TECNOLOGICA;EAD;01/07/1970;31/12/2019;01/01/2020;;3;PRECO FIXO;299,86;299,86;;0;;;;
2792;374;UNIVERSIDADE ESTACIO DE SA;1837;EAD ANAPOLIS - MARACANA - GO;4017;HISTORIA;9;VIRTUAL;11;TRADICIONAL;EAD;01/07/1970;31/12/2019;01/01/2020;;3;PRECO FIXO;285,57;285,57;;0;;;;
2792;374;UNIVERSIDADE ESTACIO DE SA;1837;EAD ANAPOLIS - MARACANA - GO;4018;HISTORIA;9;VIRTUAL;11;TRADICIONAL;EAD;01/07/1970;31/12/2019;01/01/2020;;3;PRECO FIXO;285,57;285,57;;0;;;;
2792;374;UNIVERSIDADE ESTACIO DE SA;1837;EAD ANAPOLIS - MARACANA - GO;4500;HISTORIA - FORMACAO PEDAGOGICA;9;VIRTUAL;11;TRADICIONAL;EAD;01/07/1970;31/12/2019;01/01/2020;;3;PRECO FIXO;285,57;285,57;;0;;;;
2792;374;UNIVERSIDADE ESTACIO DE SA;1837;EAD ANAPOLIS - MARACANA - GO;4503;HISTORIA - SEGUNDA LICENCIATURA;9;VIRTUAL;11;TRADICIONAL;EAD;01/07/1970;31/12/2019;01/01/2020;;3;PRECO FIXO;285,57;285,57;;0;;;;
2850;374;UNIVERSIDADE ESTACIO DE SA;1837;EAD ANAPOLIS - MARACANA - GO;4081;INVESTIGACAO FORENSE E PERICIA CRIMINAL;9;VIRTUAL;4;TECNOLOGICA;EAD;01/07/1970;31/12/2019;01/01/2020;;3;PRECO FIXO;299,86;299,86;;0;;;;
2850;374;UNIVERSIDADE ESTACIO DE SA;1837;EAD ANAPOLIS - MARACANA - GO;4355;JOGOS DIGITAIS;9;VIRTUAL;4;TECNOLOGICA;EAD;01/07/1970;31/12/2019;01/01/2020;;3;PRECO FIXO;299,86;299,86;;0;;;;
2792;374;UNIVERSIDADE ESTACIO DE SA;1837;EAD ANAPOLIS - MARACANA - GO;4000;JORNALISMO;9;VIRTUAL;11;TRADICIONAL;EAD;01/07/1970;31/12/2019;01/01/2020;;3;PRECO FIXO;399,86;399,86;;0;;;;
2792;374;UNIVERSIDADE ESTACIO DE SA;1837;EAD ANAPOLIS - MARACANA - GO;4026;LETRAS - ESPANHOL;9;VIRTUAL;11;TRADICIONAL;EAD;01/07/1970;31/12/2019;01/01/2020;;3;PRECO FIXO;285,57;285,57;;0;;;;
2792;374;UNIVERSIDADE ESTACIO DE SA;1837;EAD ANAPOLIS - MARACANA - GO;4508;LETRAS - ESPANHOL - FORMACAO PEDAGOGICA;9;VIRTUAL;11;TRADICIONAL;EAD;01/07/1970;31/12/2019;01/01/2020;;3;PRECO FIXO;285,57;285,57;;0;;;;
2792;374;UNIVERSIDADE ESTACIO DE SA;1837;EAD ANAPOLIS - MARACANA - GO;4507;LETRAS - ESPANHOL - SEGUNDA LICENCIATURA;9;VIRTUAL;11;TRADICIONAL;EAD;01/07/1970;31/12/2019;01/01/2020;;3;PRECO FIXO;285,57;285,57;;0;;;;
2792;374;UNIVERSIDADE ESTACIO DE SA;1837;EAD ANAPOLIS - MARACANA - GO;4024;LETRAS - INGLES;9;VIRTUAL;11;TRADICIONAL;EAD;01/07/1970;31/12/2019;01/01/2020;;3;PRECO FIXO;285,57;285,57;;0;;;;
2792;374;UNIVERSIDADE ESTACIO DE SA;1837;EAD ANAPOLIS - MARACANA - GO;4501;LETRAS - INGLES - FORMACAO PEDAGOGICA;9;VIRTUAL;11;TRADICIONAL;EAD;01/07/1970;31/12/2019;01/01/2020;;3;PRECO FIXO;285,57;285,57;;0;;;;
2792;374;UNIVERSIDADE ESTACIO DE SA;1837;EAD ANAPOLIS - MARACANA - GO;4522;LETRAS - INGLES - SEGUNDA LICENCIATURA;9;VIRTUAL;11;TRADICIONAL;EAD;01/07/1970;31/12/2019;01/01/2020;;3;PRECO FIXO;285,57;285,57;;0;;;;
2792;374;UNIVERSIDADE ESTACIO DE SA;1837;EAD ANAPOLIS - MARACANA - GO;4512;LETRAS - LIBRAS - LINGUA PORTUGUESA;9;VIRTUAL;11;TRADICIONAL;EAD;01/07/1970;31/12/2019;01/01/2020;;3;PRECO FIXO;285,57;285,57;;0;;;;
2792;374;UNIVERSIDADE ESTACIO DE SA;1837;EAD ANAPOLIS - MARACANA - GO;4022;LETRAS - LINGUA PORTUGUESA;9;VIRTUAL;11;TRADICIONAL;EAD;01/07/1970;31/12/2019;01/01/2020;;3;PRECO FIXO;285,57;285,57;;0;;;;
2792;374;UNIVERSIDADE ESTACIO DE SA;1837;EAD ANAPOLIS - MARACANA - GO;4510;LETRAS - LINGUA PORTUGUESA;9;VIRTUAL;11;TRADICIONAL;EAD;01/07/1970;31/12/2019;01/01/2020;;3;PRECO FIXO;285,57;285,57;;0;;;;
2792;374;UNIVERSIDADE ESTACIO DE SA;1837;EAD ANAPOLIS - MARACANA - GO;4502;LETRAS - LINGUA PORTUGUESA - FORMACAO PEDAGOGICA;9;VIRTUAL;11;TRADICIONAL;EAD;01/07/1970;31/12/2019;01/01/2020;;3;PRECO FIXO;285,57;285,57;;0;;;;
2792;374;UNIVERSIDADE ESTACIO DE SA;1837;EAD ANAPOLIS - MARACANA - GO;4504;LETRAS - LINGUA PORTUGUESA - SEGUNDA LICENCIATURA;9;VIRTUAL;11;TRADICIONAL;EAD;01/07/1970;31/12/2019;01/01/2020;;3;PRECO FIXO;285,57;285,57;;0;;;;
2850;374;UNIVERSIDADE ESTACIO DE SA;1837;EAD ANAPOLIS - MARACANA - GO;4339;LOGISTICA;9;VIRTUAL;4;TECNOLOGICA;EAD;01/07/1970;31/12/2019;01/01/2020;;3;PRECO FIXO;299,86;299,86;;0;;;;
2850;374;UNIVERSIDADE ESTACIO DE SA;1837;EAD ANAPOLIS - MARACANA - GO;4341;MARKETING;9;VIRTUAL;4;TECNOLOGICA;EAD;01/07/1970;31/12/2019;01/01/2020;;3;PRECO FIXO;299,86;299,86;;0;;;;
2792;374;UNIVERSIDADE ESTACIO DE SA;1837;EAD ANAPOLIS - MARACANA - GO;10;MATEMATICA;9;VIRTUAL;11;TRADICIONAL;EAD;01/07/1970;31/12/2019;01/01/2020;;3;PRECO FIXO;285,57;285,57;;0;;;;
2792;374;UNIVERSIDADE ESTACIO DE SA;1837;EAD ANAPOLIS - MARACANA - GO;4511;MATEMATICA;9;VIRTUAL;11;TRADICIONAL;EAD;01/07/1970;31/12/2019;01/01/2020;;3;PRECO FIXO;285,57;285,57;;0;;;;
2792;374;UNIVERSIDADE ESTACIO DE SA;1837;EAD ANAPOLIS - MARACANA - GO;2963;MATEMATICA - FORMACAO PEDAGOGICA;9;VIRTUAL;11;TRADICIONAL;EAD;01/07/1970;31/12/2019;01/01/2020;;3;PRECO FIXO;285,57;285,57;;0;;;;
2792;374;UNIVERSIDADE ESTACIO DE SA;1837;EAD ANAPOLIS - MARACANA - GO;4505;MATEMATICA - SEGUNDA LICENCIATURA;9;VIRTUAL;11;TRADICIONAL;EAD;01/07/1970;31/12/2019;01/01/2020;;3;PRECO FIXO;285,57;285,57;;0;;;;
2850;374;UNIVERSIDADE ESTACIO DE SA;1837;EAD ANAPOLIS - MARACANA - GO;4080;MEDIACAO;9;VIRTUAL;4;TECNOLOGICA;EAD;01/07/1970;31/12/2019;01/01/2020;;3;PRECO FIXO;299,86;299,86;;0;;;;
2850;374;UNIVERSIDADE ESTACIO DE SA;1837;EAD ANAPOLIS - MARACANA - GO;4079;NEGOCIOS IMOBILIARIOS;9;VIRTUAL;4;TECNOLOGICA;EAD;01/07/1970;31/12/2019;01/01/2020;;3;PRECO FIXO;214,14;214,14;;0;;;;
2792;374;UNIVERSIDADE ESTACIO DE SA;1837;EAD ANAPOLIS - MARACANA - GO;11;PEDAGOGIA;9;VIRTUAL;11;TRADICIONAL;EAD;01/07/1970;31/12/2019;01/01/2020;;3;PRECO FIXO;285,57;285,57;;0;;;;
2792;374;UNIVERSIDADE ESTACIO DE SA;1837;EAD ANAPOLIS - MARACANA - GO;3392;PEDAGOGIA - FORMACAO PEDAGOGICA;9;VIRTUAL;11;TRADICIONAL;EAD;01/07/1970;31/12/2019;01/01/2020;;3;PRECO FIXO;299,86;299,86;;0;;;;
2792;374;UNIVERSIDADE ESTACIO DE SA;1837;EAD ANAPOLIS - MARACANA - GO;4506;PEDAGOGIA - SEGUNDA LICENCIATURA;9;VIRTUAL;11;TRADICIONAL;EAD;01/07/1970;31/12/2019;01/01/2020;;3;PRECO FIXO;285,57;285,57;;0;;;;
2850;374;UNIVERSIDADE ESTACIO DE SA;1837;EAD ANAPOLIS - MARACANA - GO;4518;PROCESSOS ESCOLARES;9;VIRTUAL;4;TECNOLOGICA;EAD;01/07/1970;31/12/2019;01/01/2020;;3;PRECO FIXO;371,29;371,29;;0;;;;
2850;374;UNIVERSIDADE ESTACIO DE SA;1837;EAD ANAPOLIS - MARACANA - GO;4359;PROCESSOS GERENCIAIS;9;VIRTUAL;4;TECNOLOGICA;EAD;01/07/1970;31/12/2019;01/01/2020;;3;PRECO FIXO;299,86;299,86;;0;;;;
2792;374;UNIVERSIDADE ESTACIO DE SA;1837;EAD ANAPOLIS - MARACANA - GO;4001;PUBLICIDADE E PROPAGANDA;9;VIRTUAL;11;TRADICIONAL;EAD;01/07/1970;31/12/2019;01/01/2020;;3;PRECO FIXO;399,86;399,86;;0;;;;
2792;374;UNIVERSIDADE ESTACIO DE SA;1837;EAD ANAPOLIS - MARACANA - GO;19;RELACOES INTERNACIONAIS;9;VIRTUAL;11;TRADICIONAL;EAD;01/07/1970;31/12/2019;01/01/2020;;3;PRECO FIXO;357;357;;0;;;;
2792;374;UNIVERSIDADE ESTACIO DE SA;1837;EAD ANAPOLIS - MARACANA - GO;3391;SECRETARIADO EXECUTIVO;9;VIRTUAL;11;TRADICIONAL;EAD;01/07/1970;31/12/2019;01/01/2020;;3;PRECO FIXO;357;357;;0;;;;
2850;374;UNIVERSIDADE ESTACIO DE SA;1837;EAD ANAPOLIS - MARACANA - GO;3390;SEGURANCA NO TRABALHO;9;VIRTUAL;4;TECNOLOGICA;EAD;01/07/1970;31/12/2019;01/01/2020;;3;PRECO FIXO;328,43;328,43;;0;;;;
2850;374;UNIVERSIDADE ESTACIO DE SA;1837;EAD ANAPOLIS - MARACANA - GO;4099;SEGURANCA PUBLICA;9;VIRTUAL;4;TECNOLOGICA;EAD;01/07/1970;31/12/2019;01/01/2020;;3;PRECO FIXO;328,43;328,43;;0;;;;
2792;374;UNIVERSIDADE ESTACIO DE SA;1837;EAD ANAPOLIS - MARACANA - GO;289;SERVICO SOCIAL;9;VIRTUAL;11;TRADICIONAL;EAD;01/07/1970;31/12/2019;01/01/2020;;3;PRECO FIXO;414,14;414,14;;0;;;;
2792;374;UNIVERSIDADE ESTACIO DE SA;1837;EAD ANAPOLIS - MARACANA - GO;35;SISTEMAS DE INFORMACAO;9;VIRTUAL;11;TRADICIONAL;EAD;01/07/1970;31/12/2019;01/01/2020;;3;PRECO FIXO;299,86;299,86;;0;;;;
2850;374;UNIVERSIDADE ESTACIO DE SA;1837;EAD ANAPOLIS - MARACANA - GO;4349;SISTEMAS PARA INTERNET;9;VIRTUAL;4;TECNOLOGICA;EAD;01/07/1970;31/12/2019;01/01/2020;;3;PRECO FIXO;299,86;299,86;;0;;;;
2792;374;UNIVERSIDADE ESTACIO DE SA;1837;EAD ANAPOLIS - MARACANA - GO;865;SOCIOLOGIA;9;VIRTUAL;11;TRADICIONAL;EAD;01/07/1970;31/12/2019;01/01/2020;;3;PRECO FIXO;299,86;299,86;;0;;;;
2850;374;UNIVERSIDADE ESTACIO DE SA;1837;EAD ANAPOLIS - MARACANA - GO;4517;TECNOLOGIAS EDUCACIONAIS;9;VIRTUAL;4;TECNOLOGICA;EAD;01/07/1970;31/12/2019;01/01/2020;;3;PRECO FIXO;371,29;371,29;;0;;;;
2792;374;UNIVERSIDADE ESTACIO DE SA;1837;EAD ANAPOLIS - MARACANA - GO;646;TEOLOGIA;9;VIRTUAL;11;TRADICIONAL;EAD;01/07/1970;31/12/2019;01/01/2020;;3;PRECO FIXO;285,57;285,57;;0;;;;
2792;374;UNIVERSIDADE ESTACIO DE SA;1837;EAD ANAPOLIS - MARACANA - GO;4514;TURISMO - LICENCIATURA;9;VIRTUAL;11;TRADICIONAL;EAD;01/07/1970;31/12/2019;01/01/2020;;3;PRECO FIXO;285,57;285,57;;0;;;;
2741;2042;CENTRO UNIVERSITARIO ESTACIO DE RIBEIRAO PRETO;1836;EAD EXTREMA - CENTRO - MG;2;ADMINISTRACAO;9;VIRTUAL;11;TRADICIONAL;EAD;01/07/1970;31/12/2019;01/01/2020;;3;PRECO FIXO;385,57;385,57;;0;;;;
2741;2042;CENTRO UNIVERSITARIO ESTACIO DE RIBEIRAO PRETO;1836;EAD EXTREMA - CENTRO - MG;3386;ADMINISTRACAO PUBLICA;9;VIRTUAL;11;TRADICIONAL;EAD;01/07/1970;31/12/2019;01/01/2020;;3;PRECO FIXO;428,43;428,43;;0;;;;
2797;2042;CENTRO UNIVERSITARIO ESTACIO DE RIBEIRAO PRETO;1836;EAD EXTREMA - CENTRO - MG;4340;ANALISE E DESENVOLVIMENTO DE SISTEMAS;9;VIRTUAL;4;TECNOLOGICA;EAD;01/07/1970;31/12/2019;01/01/2020;;3;PRECO FIXO;371,29;371,29;;0;;;;
2741;2042;CENTRO UNIVERSITARIO ESTACIO DE RIBEIRAO PRETO;1836;EAD EXTREMA - CENTRO - MG;945;ARTES VISUAIS;9;VIRTUAL;11;TRADICIONAL;EAD;01/07/1970;31/12/2019;01/01/2020;;3;PRECO FIXO;357;357;;0;;;;
2797;2042;CENTRO UNIVERSITARIO ESTACIO DE RIBEIRAO PRETO;1836;EAD EXTREMA - CENTRO - MG;4202;BANCO DE DADOS;9;VIRTUAL;4;TECNOLOGICA;EAD;01/07/1970;31/12/2019;01/01/2020;;3;PRECO FIXO;371,29;371,29;;0;;;;
2741;2042;CENTRO UNIVERSITARIO ESTACIO DE RIBEIRAO PRETO;1836;EAD EXTREMA - CENTRO - MG;556;CIENCIA DA COMPUTACAO;9;VIRTUAL;11;TRADICIONAL;EAD;01/07/1970;31/12/2019;01/01/2020;;3;PRECO FIXO;642,71;642,71;;0;;;;
2797;2042;CENTRO UNIVERSITARIO ESTACIO DE RIBEIRAO PRETO;1836;EAD EXTREMA - CENTRO - MG;3388;CIENCIA DE DADOS;9;VIRTUAL;4;TECNOLOGICA;EAD;01/07/1970;31/12/2019;01/01/2020;;3;PRECO FIXO;399,86;399,86;;0;;;;
2741;2042;CENTRO UNIVERSITARIO ESTACIO DE RIBEIRAO PRETO;1836;EAD EXTREMA - CENTRO - MG;22;CIENCIAS CONTABEIS;9;VIRTUAL;11;TRADICIONAL;EAD;01/07/1970;31/12/2019;01/01/2020;;3;PRECO FIXO;385,57;385,57;;0;;;;
2741;2042;CENTRO UNIVERSITARIO ESTACIO DE RIBEIRAO PRETO;1836;EAD EXTREMA - CENTRO - MG;4519;CIENCIAS DA NATUREZA;9;VIRTUAL;11;TRADICIONAL;EAD;01/07/1970;31/12/2019;01/01/2020;;3;PRECO FIXO;357;357;;0;;;;
2741;2042;CENTRO UNIVERSITARIO ESTACIO DE RIBEIRAO PRETO;1836;EAD EXTREMA - CENTRO - MG;3;CIENCIAS ECONOMICAS;9;VIRTUAL;11;TRADICIONAL;EAD;01/07/1970;31/12/2019;01/01/2020;;3;PRECO FIXO;385,57;385,57;;0;;;;
2741;2042;CENTRO UNIVERSITARIO ESTACIO DE RIBEIRAO PRETO;1836;EAD EXTREMA - CENTRO - MG;4520;CIENCIAS EXATAS;9;VIRTUAL;11;TRADICIONAL;EAD;01/07/1970;31/12/2019;01/01/2020;;3;PRECO FIXO;357;357;;0;;;;
2741;2042;CENTRO UNIVERSITARIO ESTACIO DE RIBEIRAO PRETO;1836;EAD EXTREMA - CENTRO - MG;4521;CIENCIAS HUMANAS;9;VIRTUAL;11;TRADICIONAL;EAD;01/07/1970;31/12/2019;01/01/2020;;3;PRECO FIXO;385,57;385,57;;0;;;;
2797;2042;CENTRO UNIVERSITARIO ESTACIO DE RIBEIRAO PRETO;1836;EAD EXTREMA - CENTRO - MG;4342;COMERCIO EXTERIOR;9;VIRTUAL;4;TECNOLOGICA;EAD;01/07/1970;31/12/2019;01/01/2020;;3;PRECO FIXO;371,29;371,29;;0;;;;
2741;2042;CENTRO UNIVERSITARIO ESTACIO DE RIBEIRAO PRETO;1836;EAD EXTREMA - CENTRO - MG;4523;COMPUTACAO;9;VIRTUAL;11;TRADICIONAL;EAD;01/07/1970;31/12/2019;01/01/2020;;3;PRECO FIXO;357;357;;0;;;;
2797;2042;CENTRO UNIVERSITARIO ESTACIO DE RIBEIRAO PRETO;1836;EAD EXTREMA - CENTRO - MG;4369;COMUNICACAO INSTITUCIONAL;9;VIRTUAL;4;TECNOLOGICA;EAD;01/07/1970;31/12/2019;01/01/2020;;3;PRECO FIXO;399,86;399,86;;0;;;;
2797;2042;CENTRO UNIVERSITARIO ESTACIO DE RIBEIRAO PRETO;1836;EAD EXTREMA - CENTRO - MG;4389;COZINHA CONTEMPORANEA;9;VIRTUAL;4;TECNOLOGICA;EAD;01/07/1970;31/12/2019;01/01/2020;;3;PRECO FIXO;642,71;642,71;;0;;;;
2797;2042;CENTRO UNIVERSITARIO ESTACIO DE RIBEIRAO PRETO;1836;EAD EXTREMA - CENTRO - MG;4093;DEFESA CIBERNETICA;9;VIRTUAL;4;TECNOLOGICA;EAD;01/07/1970;31/12/2019;01/01/2020;;3;PRECO FIXO;371,29;371,29;;0;;;;
2741;2042;CENTRO UNIVERSITARIO ESTACIO DE RIBEIRAO PRETO;1836;EAD EXTREMA - CENTRO - MG;3389;ENGENHARIA DE SOFTWARE;9;VIRTUAL;11;TRADICIONAL;EAD;01/07/1970;31/12/2019;01/01/2020;;3;PRECO FIXO;657;657;;0;;;;
2741;2042;CENTRO UNIVERSITARIO ESTACIO DE RIBEIRAO PRETO;1836;EAD EXTREMA - CENTRO - MG;645;FILOSOFIA;9;VIRTUAL;11;TRADICIONAL;EAD;01/07/1970;31/12/2019;01/01/2020;;3;PRECO FIXO;357;357;;0;;;;
2741;2042;CENTRO UNIVERSITARIO ESTACIO DE RIBEIRAO PRETO;1836;EAD EXTREMA - CENTRO - MG;4019;GEOGRAFIA;9;VIRTUAL;11;TRADICIONAL;EAD;01/07/1970;31/12/2019;01/01/2020;;3;PRECO FIXO;357;357;;0;;;;
2741;2042;CENTRO UNIVERSITARIO ESTACIO DE RIBEIRAO PRETO;1836;EAD EXTREMA - CENTRO - MG;4020;GEOGRAFIA;9;VIRTUAL;11;TRADICIONAL;EAD;01/07/1970;31/12/2019;01/01/2020;;3;PRECO FIXO;357;357;;0;;;;
2741;2042;CENTRO UNIVERSITARIO ESTACIO DE RIBEIRAO PRETO;1836;EAD EXTREMA - CENTRO - MG;4509;GEOGRAFIA - SEGUNDA LICENCIATURA;9;VIRTUAL;11;TRADICIONAL;EAD;01/07/1970;31/12/2019;01/01/2020;;3;PRECO FIXO;357;357;;0;;;;
2797;2042;CENTRO UNIVERSITARIO ESTACIO DE RIBEIRAO PRETO;1836;EAD EXTREMA - CENTRO - MG;4516;GERONTOLOGIA - BEM ESTAR E EDUCACAO;9;VIRTUAL;4;TECNOLOGICA;EAD;01/07/1970;31/12/2019;01/01/2020;;3;PRECO FIXO;371,29;371,29;;0;;;;
2797;2042;CENTRO UNIVERSITARIO ESTACIO DE RIBEIRAO PRETO;1836;EAD EXTREMA - CENTRO - MG;4345;GESTAO AMBIENTAL;9;VIRTUAL;4;TECNOLOGICA;EAD;01/07/1970;31/12/2019;01/01/2020;;3;PRECO FIXO;371,29;371,29;;0;;;;
2797;2042;CENTRO UNIVERSITARIO ESTACIO DE RIBEIRAO PRETO;1836;EAD EXTREMA - CENTRO - MG;4347;GESTAO COMERCIAL;9;VIRTUAL;4;TECNOLOGICA;EAD;01/07/1970;31/12/2019;01/01/2020;;3;PRECO FIXO;371,29;371,29;;0;;;;
2797;2042;CENTRO UNIVERSITARIO ESTACIO DE RIBEIRAO PRETO;1836;EAD EXTREMA - CENTRO - MG;4370;GESTAO DA QUALIDADE;9;VIRTUAL;4;TECNOLOGICA;EAD;01/07/1970;31/12/2019;01/01/2020;;3;PRECO FIXO;371,29;371,29;;0;;;;
2797;2042;CENTRO UNIVERSITARIO ESTACIO DE RIBEIRAO PRETO;1836;EAD EXTREMA - CENTRO - MG;4334;GESTAO DA TECNOLOGIA DA INFORMACAO;9;VIRTUAL;4;TECNOLOGICA;EAD;01/07/1970;31/12/2019;01/01/2020;;3;PRECO FIXO;371,29;371,29;;0;;;;
2797;2042;CENTRO UNIVERSITARIO ESTACIO DE RIBEIRAO PRETO;1836;EAD EXTREMA - CENTRO - MG;4070;GESTAO DE RECURSOS HUMANOS;9;VIRTUAL;4;TECNOLOGICA;EAD;01/07/1970;31/12/2019;01/01/2020;;3;PRECO FIXO;371,29;371,29;;0;;;;
2797;2042;CENTRO UNIVERSITARIO ESTACIO DE RIBEIRAO PRETO;1836;EAD EXTREMA - CENTRO - MG;4346;GESTAO DE SEGURANCA PRIVADA;9;VIRTUAL;4;TECNOLOGICA;EAD;01/07/1970;31/12/2019;01/01/2020;;3;PRECO FIXO;371,29;371,29;;0;;;;
2797;2042;CENTRO UNIVERSITARIO ESTACIO DE RIBEIRAO PRETO;1836;EAD EXTREMA - CENTRO - MG;4335;GESTAO DE TURISMO;9;VIRTUAL;4;TECNOLOGICA;EAD;01/07/1970;31/12/2019;01/01/2020;;3;PRECO FIXO;371,29;371,29;;0;;;;
2741;2042;CENTRO UNIVERSITARIO ESTACIO DE RIBEIRAO PRETO;1836;EAD EXTREMA - CENTRO - MG;4515;GESTAO E EMPREENDEDORISMO;9;VIRTUAL;11;TRADICIONAL;EAD;01/07/1970;31/12/2019;01/01/2020;;3;PRECO FIXO;357;357;;0;;;;
2797;2042;CENTRO UNIVERSITARIO ESTACIO DE RIBEIRAO PRETO;1836;EAD EXTREMA - CENTRO - MG;4366;GESTAO FINANCEIRA;9;VIRTUAL;4;TECNOLOGICA;EAD;01/07/1970;31/12/2019;01/01/2020;;3;PRECO FIXO;371,29;371,29;;0;;;;
2797;2042;CENTRO UNIVERSITARIO ESTACIO DE RIBEIRAO PRETO;1836;EAD EXTREMA - CENTRO - MG;4076;GESTAO HOSPITALAR;9;VIRTUAL;4;TECNOLOGICA;EAD;01/07/1970;31/12/2019;01/01/2020;;3;PRECO FIXO;371,29;371,29;;0;;;;
2797;2042;CENTRO UNIVERSITARIO ESTACIO DE RIBEIRAO PRETO;1836;EAD EXTREMA - CENTRO - MG;4292;GESTAO PUBLICA;9;VIRTUAL;4;TECNOLOGICA;EAD;01/07/1970;31/12/2019;01/01/2020;;3;PRECO FIXO;371,29;371,29;;0;;;;
2741;2042;CENTRO UNIVERSITARIO ESTACIO DE RIBEIRAO PRETO;1836;EAD EXTREMA - CENTRO - MG;4017;HISTORIA;9;VIRTUAL;11;TRADICIONAL;EAD;01/07/1970;31/12/2019;01/01/2020;;3;PRECO FIXO;357;357;;0;;;;
2741;2042;CENTRO UNIVERSITARIO ESTACIO DE RIBEIRAO PRETO;1836;EAD EXTREMA - CENTRO - MG;4018;HISTORIA;9;VIRTUAL;11;TRADICIONAL;EAD;01/07/1970;31/12/2019;01/01/2020;;3;PRECO FIXO;357;357;;0;;;;
2741;2042;CENTRO UNIVERSITARIO ESTACIO DE RIBEIRAO PRETO;1836;EAD EXTREMA - CENTRO - MG;4500;HISTORIA - FORMACAO PEDAGOGICA;9;VIRTUAL;11;TRADICIONAL;EAD;01/07/1970;31/12/2019;01/01/2020;;3;PRECO FIXO;357;357;;0;;;;
2741;2042;CENTRO UNIVERSITARIO ESTACIO DE RIBEIRAO PRETO;1836;EAD EXTREMA - CENTRO - MG;4503;HISTORIA - SEGUNDA LICENCIATURA;9;VIRTUAL;11;TRADICIONAL;EAD;01/07/1970;31/12/2019;01/01/2020;;3;PRECO FIXO;357;357;;0;;;;
2797;2042;CENTRO UNIVERSITARIO ESTACIO DE RIBEIRAO PRETO;1836;EAD EXTREMA - CENTRO - MG;4081;INVESTIGACAO FORENSE E PERICIA CRIMINAL;9;VIRTUAL;4;TECNOLOGICA;EAD;01/07/1970;31/12/2019;01/01/2020;;3;PRECO FIXO;371,29;371,29;;0;;;;
2797;2042;CENTRO UNIVERSITARIO ESTACIO DE RIBEIRAO PRETO;1836;EAD EXTREMA - CENTRO - MG;4355;JOGOS DIGITAIS;9;VIRTUAL;4;TECNOLOGICA;EAD;01/07/1970;31/12/2019;01/01/2020;;3;PRECO FIXO;371,29;371,29;;0;;;;
2741;2042;CENTRO UNIVERSITARIO ESTACIO DE RIBEIRAO PRETO;1836;EAD EXTREMA - CENTRO - MG;4000;JORNALISMO;9;VIRTUAL;11;TRADICIONAL;EAD;01/07/1970;31/12/2019;01/01/2020;;3;PRECO FIXO;385,57;385,57;;0;;;;
2741;2042;CENTRO UNIVERSITARIO ESTACIO DE RIBEIRAO PRETO;1836;EAD EXTREMA - CENTRO - MG;4026;LETRAS - ESPANHOL;9;VIRTUAL;11;TRADICIONAL;EAD;01/07/1970;31/12/2019;01/01/2020;;3;PRECO FIXO;357;357;;0;;;;
2741;2042;CENTRO UNIVERSITARIO ESTACIO DE RIBEIRAO PRETO;1836;EAD EXTREMA - CENTRO - MG;4508;LETRAS - ESPANHOL - FORMACAO PEDAGOGICA;9;VIRTUAL;11;TRADICIONAL;EAD;01/07/1970;31/12/2019;01/01/2020;;3;PRECO FIXO;357;357;;0;;;;
2741;2042;CENTRO UNIVERSITARIO ESTACIO DE RIBEIRAO PRETO;1836;EAD EXTREMA - CENTRO - MG;4507;LETRAS - ESPANHOL - SEGUNDA LICENCIATURA;9;VIRTUAL;11;TRADICIONAL;EAD;01/07/1970;31/12/2019;01/01/2020;;3;PRECO FIXO;357;357;;0;;;;
2741;2042;CENTRO UNIVERSITARIO ESTACIO DE RIBEIRAO PRETO;1836;EAD EXTREMA - CENTRO - MG;4024;LETRAS - INGLES;9;VIRTUAL;11;TRADICIONAL;EAD;01/07/1970;31/12/2019;01/01/2020;;3;PRECO FIXO;357;357;;0;;;;
2741;2042;CENTRO UNIVERSITARIO ESTACIO DE RIBEIRAO PRETO;1836;EAD EXTREMA - CENTRO - MG;4501;LETRAS - INGLES - FORMACAO PEDAGOGICA;9;VIRTUAL;11;TRADICIONAL;EAD;01/07/1970;31/12/2019;01/01/2020;;3;PRECO FIXO;357;357;;0;;;;
2741;2042;CENTRO UNIVERSITARIO ESTACIO DE RIBEIRAO PRETO;1836;EAD EXTREMA - CENTRO - MG;4522;LETRAS - INGLES - SEGUNDA LICENCIATURA;9;VIRTUAL;11;TRADICIONAL;EAD;01/07/1970;31/12/2019;01/01/2020;;3;PRECO FIXO;357;357;;0;;;;
2741;2042;CENTRO UNIVERSITARIO ESTACIO DE RIBEIRAO PRETO;1836;EAD EXTREMA - CENTRO - MG;4512;LETRAS - LIBRAS - LINGUA PORTUGUESA;9;VIRTUAL;11;TRADICIONAL;EAD;01/07/1970;31/12/2019;01/01/2020;;3;PRECO FIXO;357;357;;0;;;;
2741;2042;CENTRO UNIVERSITARIO ESTACIO DE RIBEIRAO PRETO;1836;EAD EXTREMA - CENTRO - MG;4022;LETRAS - LINGUA PORTUGUESA;9;VIRTUAL;11;TRADICIONAL;EAD;01/07/1970;31/12/2019;01/01/2020;;3;PRECO FIXO;357;357;;0;;;;
2741;2042;CENTRO UNIVERSITARIO ESTACIO DE RIBEIRAO PRETO;1836;EAD EXTREMA - CENTRO - MG;4510;LETRAS - LINGUA PORTUGUESA;9;VIRTUAL;11;TRADICIONAL;EAD;01/07/1970;31/12/2019;01/01/2020;;3;PRECO FIXO;357;357;;0;;;;
2741;2042;CENTRO UNIVERSITARIO ESTACIO DE RIBEIRAO PRETO;1836;EAD EXTREMA - CENTRO - MG;4502;LETRAS - LINGUA PORTUGUESA - FORMACAO PEDAGOGICA;9;VIRTUAL;11;TRADICIONAL;EAD;01/07/1970;31/12/2019;01/01/2020;;3;PRECO FIXO;357;357;;0;;;;
2741;2042;CENTRO UNIVERSITARIO ESTACIO DE RIBEIRAO PRETO;1836;EAD EXTREMA - CENTRO - MG;4504;LETRAS - LINGUA PORTUGUESA - SEGUNDA LICENCIATURA;9;VIRTUAL;11;TRADICIONAL;EAD;01/07/1970;31/12/2019;01/01/2020;;3;PRECO FIXO;357;357;;0;;;;
2797;2042;CENTRO UNIVERSITARIO ESTACIO DE RIBEIRAO PRETO;1836;EAD EXTREMA - CENTRO - MG;4339;LOGISTICA;9;VIRTUAL;4;TECNOLOGICA;EAD;01/07/1970;31/12/2019;01/01/2020;;3;PRECO FIXO;371,29;371,29;;0;;;;
2797;2042;CENTRO UNIVERSITARIO ESTACIO DE RIBEIRAO PRETO;1836;EAD EXTREMA - CENTRO - MG;4341;MARKETING;9;VIRTUAL;4;TECNOLOGICA;EAD;01/07/1970;31/12/2019;01/01/2020;;3;PRECO FIXO;371,29;371,29;;0;;;;
2741;2042;CENTRO UNIVERSITARIO ESTACIO DE RIBEIRAO PRETO;1836;EAD EXTREMA - CENTRO - MG;10;MATEMATICA;9;VIRTUAL;11;TRADICIONAL;EAD;01/07/1970;31/12/2019;01/01/2020;;3;PRECO FIXO;357;357;;0;;;;
2741;2042;CENTRO UNIVERSITARIO ESTACIO DE RIBEIRAO PRETO;1836;EAD EXTREMA - CENTRO - MG;4511;MATEMATICA;9;VIRTUAL;11;TRADICIONAL;EAD;01/07/1970;31/12/2019;01/01/2020;;3;PRECO FIXO;357;357;;0;;;;
2741;2042;CENTRO UNIVERSITARIO ESTACIO DE RIBEIRAO PRETO;1836;EAD EXTREMA - CENTRO - MG;2963;MATEMATICA - FORMACAO PEDAGOGICA;9;VIRTUAL;11;TRADICIONAL;EAD;01/07/1970;31/12/2019;01/01/2020;;3;PRECO FIXO;357;357;;0;;;;
2741;2042;CENTRO UNIVERSITARIO ESTACIO DE RIBEIRAO PRETO;1836;EAD EXTREMA - CENTRO - MG;4505;MATEMATICA - SEGUNDA LICENCIATURA;9;VIRTUAL;11;TRADICIONAL;EAD;01/07/1970;31/12/2019;01/01/2020;;3;PRECO FIXO;357;357;;0;;;;
2797;2042;CENTRO UNIVERSITARIO ESTACIO DE RIBEIRAO PRETO;1836;EAD EXTREMA - CENTRO - MG;4080;MEDIACAO;9;VIRTUAL;4;TECNOLOGICA;EAD;01/07/1970;31/12/2019;01/01/2020;;3;PRECO FIXO;371,29;371,29;;0;;;;
2797;2042;CENTRO UNIVERSITARIO ESTACIO DE RIBEIRAO PRETO;1836;EAD EXTREMA - CENTRO - MG;4079;NEGOCIOS IMOBILIARIOS;9;VIRTUAL;4;TECNOLOGICA;EAD;01/07/1970;31/12/2019;01/01/2020;;3;PRECO FIXO;214,14;214,14;;0;;;;
2741;2042;CENTRO UNIVERSITARIO ESTACIO DE RIBEIRAO PRETO;1836;EAD EXTREMA - CENTRO - MG;11;PEDAGOGIA;9;VIRTUAL;11;TRADICIONAL;EAD;01/07/1970;31/12/2019;01/01/2020;;3;PRECO FIXO;357;357;;0;;;;
2741;2042;CENTRO UNIVERSITARIO ESTACIO DE RIBEIRAO PRETO;1836;EAD EXTREMA - CENTRO - MG;3392;PEDAGOGIA - FORMACAO PEDAGOGICA;9;VIRTUAL;11;TRADICIONAL;EAD;01/07/1970;31/12/2019;01/01/2020;;3;PRECO FIXO;371,29;371,29;;0;;;;
2741;2042;CENTRO UNIVERSITARIO ESTACIO DE RIBEIRAO PRETO;1836;EAD EXTREMA - CENTRO - MG;4506;PEDAGOGIA - SEGUNDA LICENCIATURA;9;VIRTUAL;11;TRADICIONAL;EAD;01/07/1970;31/12/2019;01/01/2020;;3;PRECO FIXO;357;357;;0;;;;
2797;2042;CENTRO UNIVERSITARIO ESTACIO DE RIBEIRAO PRETO;1836;EAD EXTREMA - CENTRO - MG;4518;PROCESSOS ESCOLARES;9;VIRTUAL;4;TECNOLOGICA;EAD;01/07/1970;31/12/2019;01/01/2020;;3;PRECO FIXO;371,29;371,29;;0;;;;
2797;2042;CENTRO UNIVERSITARIO ESTACIO DE RIBEIRAO PRETO;1836;EAD EXTREMA - CENTRO - MG;4359;PROCESSOS GERENCIAIS;9;VIRTUAL;4;TECNOLOGICA;EAD;01/07/1970;31/12/2019;01/01/2020;;3;PRECO FIXO;371,29;371,29;;0;;;;
2741;2042;CENTRO UNIVERSITARIO ESTACIO DE RIBEIRAO PRETO;1836;EAD EXTREMA - CENTRO - MG;4001;PUBLICIDADE E PROPAGANDA;9;VIRTUAL;11;TRADICIONAL;EAD;01/07/1970;31/12/2019;01/01/2020;;3;PRECO FIXO;385,57;385,57;;0;;;;
2741;2042;CENTRO UNIVERSITARIO ESTACIO DE RIBEIRAO PRETO;1836;EAD EXTREMA - CENTRO - MG;19;RELACOES INTERNACIONAIS;9;VIRTUAL;11;TRADICIONAL;EAD;01/07/1970;31/12/2019;01/01/2020;;3;PRECO FIXO;428,43;428,43;;0;;;;
2741;2042;CENTRO UNIVERSITARIO ESTACIO DE RIBEIRAO PRETO;1836;EAD EXTREMA - CENTRO - MG;3391;SECRETARIADO EXECUTIVO;9;VIRTUAL;11;TRADICIONAL;EAD;01/07/1970;31/12/2019;01/01/2020;;3;PRECO FIXO;428,43;428,43;;0;;;;
2797;2042;CENTRO UNIVERSITARIO ESTACIO DE RIBEIRAO PRETO;1836;EAD EXTREMA - CENTRO - MG;3390;SEGURANCA NO TRABALHO;9;VIRTUAL;4;TECNOLOGICA;EAD;01/07/1970;31/12/2019;01/01/2020;;3;PRECO FIXO;399,86;399,86;;0;;;;
2741;2042;CENTRO UNIVERSITARIO ESTACIO DE RIBEIRAO PRETO;1836;EAD EXTREMA - CENTRO - MG;289;SERVICO SOCIAL;9;VIRTUAL;11;TRADICIONAL;EAD;01/07/1970;31/12/2019;01/01/2020;;3;PRECO FIXO;399,86;399,86;;0;;;;
2741;2042;CENTRO UNIVERSITARIO ESTACIO DE RIBEIRAO PRETO;1836;EAD EXTREMA - CENTRO - MG;35;SISTEMAS DE INFORMACAO;9;VIRTUAL;11;TRADICIONAL;EAD;01/07/1970;31/12/2019;01/01/2020;;3;PRECO FIXO;385,57;385,57;;0;;;;
2797;2042;CENTRO UNIVERSITARIO ESTACIO DE RIBEIRAO PRETO;1836;EAD EXTREMA - CENTRO - MG;4349;SISTEMAS PARA INTERNET;9;VIRTUAL;4;TECNOLOGICA;EAD;01/07/1970;31/12/2019;01/01/2020;;3;PRECO FIXO;371,29;371,29;;0;;;;
2741;2042;CENTRO UNIVERSITARIO ESTACIO DE RIBEIRAO PRETO;1836;EAD EXTREMA - CENTRO - MG;865;SOCIOLOGIA;9;VIRTUAL;11;TRADICIONAL;EAD;01/07/1970;31/12/2019;01/01/2020;;3;PRECO FIXO;371,29;371,29;;0;;;;
2797;2042;CENTRO UNIVERSITARIO ESTACIO DE RIBEIRAO PRETO;1836;EAD EXTREMA - CENTRO - MG;4517;TECNOLOGIAS EDUCACIONAIS;9;VIRTUAL;4;TECNOLOGICA;EAD;01/07/1970;31/12/2019;01/01/2020;;3;PRECO FIXO;371,29;371,29;;0;;;;
2741;2042;CENTRO UNIVERSITARIO ESTACIO DE RIBEIRAO PRETO;1836;EAD EXTREMA - CENTRO - MG;646;TEOLOGIA;9;VIRTUAL;11;TRADICIONAL;EAD;01/07/1970;31/12/2019;01/01/2020;;3;PRECO FIXO;357;357;;0;;;;
2741;2042;CENTRO UNIVERSITARIO ESTACIO DE RIBEIRAO PRETO;1836;EAD EXTREMA - CENTRO - MG;4514;TURISMO - LICENCIATURA;9;VIRTUAL;11;TRADICIONAL;EAD;01/07/1970;31/12/2019;01/01/2020;;3;PRECO FIXO;357;357;;0;;;;
2792;374;UNIVERSIDADE ESTACIO DE SA;1835;EAD CHAPADA DOS GUIMARAES - MT;2;ADMINISTRACAO;9;VIRTUAL;11;TRADICIONAL;EAD;01/07/1970;31/12/2019;01/01/2020;;3;PRECO FIXO;428,43;428,43;;0;;;;
2792;374;UNIVERSIDADE ESTACIO DE SA;1835;EAD CHAPADA DOS GUIMARAES - MT;3386;ADMINISTRACAO PUBLICA;9;VIRTUAL;11;TRADICIONAL;EAD;01/07/1970;31/12/2019;01/01/2020;;3;PRECO FIXO;428,43;428,43;;0;;;;
2850;374;UNIVERSIDADE ESTACIO DE SA;1835;EAD CHAPADA DOS GUIMARAES - MT;4340;ANALISE E DESENVOLVIMENTO DE SISTEMAS;9;VIRTUAL;4;TECNOLOGICA;EAD;01/07/1970;31/12/2019;01/01/2020;;3;PRECO FIXO;399,86;399,86;;0;;;;
2792;374;UNIVERSIDADE ESTACIO DE SA;1835;EAD CHAPADA DOS GUIMARAES - MT;945;ARTES VISUAIS;9;VIRTUAL;11;TRADICIONAL;EAD;01/07/1970;31/12/2019;01/01/2020;;3;PRECO FIXO;385,57;385,57;;0;;;;
2850;374;UNIVERSIDADE ESTACIO DE SA;1835;EAD CHAPADA DOS GUIMARAES - MT;4202;BANCO DE DADOS;9;VIRTUAL;4;TECNOLOGICA;EAD;01/07/1970;31/12/2019;01/01/2020;;3;PRECO FIXO;399,86;399,86;;0;;;;
2792;374;UNIVERSIDADE ESTACIO DE SA;1835;EAD CHAPADA DOS GUIMARAES - MT;556;CIENCIA DA COMPUTACAO;9;VIRTUAL;11;TRADICIONAL;EAD;01/07/1970;31/12/2019;01/01/2020;;3;PRECO FIXO;628,43;628,43;;0;;;;
2850;374;UNIVERSIDADE ESTACIO DE SA;1835;EAD CHAPADA DOS GUIMARAES - MT;3388;CIENCIA DE DADOS;9;VIRTUAL;4;TECNOLOGICA;EAD;01/07/1970;31/12/2019;01/01/2020;;3;PRECO FIXO;399,86;399,86;;0;;;;
2792;374;UNIVERSIDADE ESTACIO DE SA;1835;EAD CHAPADA DOS GUIMARAES - MT;22;CIENCIAS CONTABEIS;9;VIRTUAL;11;TRADICIONAL;EAD;01/07/1970;31/12/2019;01/01/2020;;3;PRECO FIXO;428,43;428,43;;0;;;;
2792;374;UNIVERSIDADE ESTACIO DE SA;1835;EAD CHAPADA DOS GUIMARAES - MT;4519;CIENCIAS DA NATUREZA;9;VIRTUAL;11;TRADICIONAL;EAD;01/07/1970;31/12/2019;01/01/2020;;3;PRECO FIXO;385,57;385,57;;0;;;;
2792;374;UNIVERSIDADE ESTACIO DE SA;1835;EAD CHAPADA DOS GUIMARAES - MT;3;CIENCIAS ECONOMICAS;9;VIRTUAL;11;TRADICIONAL;EAD;01/07/1970;31/12/2019;01/01/2020;;3;PRECO FIXO;428,43;428,43;;0;;;;
2792;374;UNIVERSIDADE ESTACIO DE SA;1835;EAD CHAPADA DOS GUIMARAES - MT;4520;CIENCIAS EXATAS;9;VIRTUAL;11;TRADICIONAL;EAD;01/07/1970;31/12/2019;01/01/2020;;3;PRECO FIXO;385,57;385,57;;0;;;;
2792;374;UNIVERSIDADE ESTACIO DE SA;1835;EAD CHAPADA DOS GUIMARAES - MT;4521;CIENCIAS HUMANAS;9;VIRTUAL;11;TRADICIONAL;EAD;01/07/1970;31/12/2019;01/01/2020;;3;PRECO FIXO;428,43;428,43;;0;;;;
2850;374;UNIVERSIDADE ESTACIO DE SA;1835;EAD CHAPADA DOS GUIMARAES - MT;4342;COMERCIO EXTERIOR;9;VIRTUAL;4;TECNOLOGICA;EAD;01/07/1970;31/12/2019;01/01/2020;;3;PRECO FIXO;399,86;399,86;;0;;;;
2792;374;UNIVERSIDADE ESTACIO DE SA;1835;EAD CHAPADA DOS GUIMARAES - MT;4523;COMPUTACAO;9;VIRTUAL;11;TRADICIONAL;EAD;01/07/1970;31/12/2019;01/01/2020;;3;PRECO FIXO;385,57;385,57;;0;;;;
2850;374;UNIVERSIDADE ESTACIO DE SA;1835;EAD CHAPADA DOS GUIMARAES - MT;4369;COMUNICACAO INSTITUCIONAL;9;VIRTUAL;4;TECNOLOGICA;EAD;01/07/1970;31/12/2019;01/01/2020;;3;PRECO FIXO;399,86;399,86;;0;;;;
2850;374;UNIVERSIDADE ESTACIO DE SA;1835;EAD CHAPADA DOS GUIMARAES - MT;4389;COZINHA CONTEMPORANEA;9;VIRTUAL;4;TECNOLOGICA;EAD;01/07/1970;31/12/2019;01/01/2020;;3;PRECO FIXO;628,43;628,43;;0;;;;
2850;374;UNIVERSIDADE ESTACIO DE SA;1835;EAD CHAPADA DOS GUIMARAES - MT;4093;DEFESA CIBERNETICA;9;VIRTUAL;4;TECNOLOGICA;EAD;01/07/1970;31/12/2019;01/01/2020;;3;PRECO FIXO;399,86;399,86;;0;;;;
2792;374;UNIVERSIDADE ESTACIO DE SA;1835;EAD CHAPADA DOS GUIMARAES - MT;3389;ENGENHARIA DE SOFTWARE;9;VIRTUAL;11;TRADICIONAL;EAD;01/07/1970;31/12/2019;01/01/2020;;3;PRECO FIXO;628,43;628,43;;0;;;;
2792;374;UNIVERSIDADE ESTACIO DE SA;1835;EAD CHAPADA DOS GUIMARAES - MT;645;FILOSOFIA;9;VIRTUAL;11;TRADICIONAL;EAD;01/07/1970;31/12/2019;01/01/2020;;3;PRECO FIXO;385,57;385,57;;0;;;;
2792;374;UNIVERSIDADE ESTACIO DE SA;1835;EAD CHAPADA DOS GUIMARAES - MT;4019;GEOGRAFIA;9;VIRTUAL;11;TRADICIONAL;EAD;01/07/1970;31/12/2019;01/01/2020;;3;PRECO FIXO;385,57;385,57;;0;;;;
2792;374;UNIVERSIDADE ESTACIO DE SA;1835;EAD CHAPADA DOS GUIMARAES - MT;4020;GEOGRAFIA;9;VIRTUAL;11;TRADICIONAL;EAD;01/07/1970;31/12/2019;01/01/2020;;3;PRECO FIXO;385,57;385,57;;0;;;;
2792;374;UNIVERSIDADE ESTACIO DE SA;1835;EAD CHAPADA DOS GUIMARAES - MT;4509;GEOGRAFIA - SEGUNDA LICENCIATURA;9;VIRTUAL;11;TRADICIONAL;EAD;01/07/1970;31/12/2019;01/01/2020;;3;PRECO FIXO;385,57;385,57;;0;;;;
2850;374;UNIVERSIDADE ESTACIO DE SA;1835;EAD CHAPADA DOS GUIMARAES - MT;4516;GERONTOLOGIA - BEM ESTAR E EDUCACAO;9;VIRTUAL;4;TECNOLOGICA;EAD;01/07/1970;31/12/2019;01/01/2020;;3;PRECO FIXO;399,86;399,86;;0;;;;
2850;374;UNIVERSIDADE ESTACIO DE SA;1835;EAD CHAPADA DOS GUIMARAES - MT;4345;GESTAO AMBIENTAL;9;VIRTUAL;4;TECNOLOGICA;EAD;01/07/1970;31/12/2019;01/01/2020;;3;PRECO FIXO;399,86;399,86;;0;;;;
2850;374;UNIVERSIDADE ESTACIO DE SA;1835;EAD CHAPADA DOS GUIMARAES - MT;4347;GESTAO COMERCIAL;9;VIRTUAL;4;TECNOLOGICA;EAD;01/07/1970;31/12/2019;01/01/2020;;3;PRECO FIXO;399,86;399,86;;0;;;;
2850;374;UNIVERSIDADE ESTACIO DE SA;1835;EAD CHAPADA DOS GUIMARAES - MT;4370;GESTAO DA QUALIDADE;9;VIRTUAL;4;TECNOLOGICA;EAD;01/07/1970;31/12/2019;01/01/2020;;3;PRECO FIXO;399,86;399,86;;0;;;;
2850;374;UNIVERSIDADE ESTACIO DE SA;1835;EAD CHAPADA DOS GUIMARAES - MT;4334;GESTAO DA TECNOLOGIA DA INFORMACAO;9;VIRTUAL;4;TECNOLOGICA;EAD;01/07/1970;31/12/2019;01/01/2020;;3;PRECO FIXO;399,86;399,86;;0;;;;
2850;374;UNIVERSIDADE ESTACIO DE SA;1835;EAD CHAPADA DOS GUIMARAES - MT;4070;GESTAO DE RECURSOS HUMANOS;9;VIRTUAL;4;TECNOLOGICA;EAD;01/07/1970;31/12/2019;01/01/2020;;3;PRECO FIXO;399,86;399,86;;0;;;;
2850;374;UNIVERSIDADE ESTACIO DE SA;1835;EAD CHAPADA DOS GUIMARAES - MT;4346;GESTAO DE SEGURANCA PRIVADA;9;VIRTUAL;4;TECNOLOGICA;EAD;01/07/1970;31/12/2019;01/01/2020;;3;PRECO FIXO;399,86;399,86;;0;;;;
2850;374;UNIVERSIDADE ESTACIO DE SA;1835;EAD CHAPADA DOS GUIMARAES - MT;4335;GESTAO DE TURISMO;9;VIRTUAL;4;TECNOLOGICA;EAD;01/07/1970;31/12/2019;01/01/2020;;3;PRECO FIXO;399,86;399,86;;0;;;;
2792;374;UNIVERSIDADE ESTACIO DE SA;1835;EAD CHAPADA DOS GUIMARAES - MT;4515;GESTAO E EMPREENDEDORISMO;9;VIRTUAL;11;TRADICIONAL;EAD;01/07/1970;31/12/2019;01/01/2020;;3;PRECO FIXO;385,57;385,57;;0;;;;
2850;374;UNIVERSIDADE ESTACIO DE SA;1835;EAD CHAPADA DOS GUIMARAES - MT;4366;GESTAO FINANCEIRA;9;VIRTUAL;4;TECNOLOGICA;EAD;01/07/1970;31/12/2019;01/01/2020;;3;PRECO FIXO;399,86;399,86;;0;;;;
2850;374;UNIVERSIDADE ESTACIO DE SA;1835;EAD CHAPADA DOS GUIMARAES - MT;4076;GESTAO HOSPITALAR;9;VIRTUAL;4;TECNOLOGICA;EAD;01/07/1970;31/12/2019;01/01/2020;;3;PRECO FIXO;399,86;399,86;;0;;;;
2850;374;UNIVERSIDADE ESTACIO DE SA;1835;EAD CHAPADA DOS GUIMARAES - MT;4292;GESTAO PUBLICA;9;VIRTUAL;4;TECNOLOGICA;EAD;01/07/1970;31/12/2019;01/01/2020;;3;PRECO FIXO;399,86;399,86;;0;;;;
2792;374;UNIVERSIDADE ESTACIO DE SA;1835;EAD CHAPADA DOS GUIMARAES - MT;4017;HISTORIA;9;VIRTUAL;11;TRADICIONAL;EAD;01/07/1970;31/12/2019;01/01/2020;;3;PRECO FIXO;385,57;385,57;;0;;;;
2792;374;UNIVERSIDADE ESTACIO DE SA;1835;EAD CHAPADA DOS GUIMARAES - MT;4018;HISTORIA;9;VIRTUAL;11;TRADICIONAL;EAD;01/07/1970;31/12/2019;01/01/2020;;3;PRECO FIXO;385,57;385,57;;0;;;;
2792;374;UNIVERSIDADE ESTACIO DE SA;1835;EAD CHAPADA DOS GUIMARAES - MT;4500;HISTORIA - FORMACAO PEDAGOGICA;9;VIRTUAL;11;TRADICIONAL;EAD;01/07/1970;31/12/2019;01/01/2020;;3;PRECO FIXO;385,57;385,57;;0;;;;
2792;374;UNIVERSIDADE ESTACIO DE SA;1835;EAD CHAPADA DOS GUIMARAES - MT;4503;HISTORIA - SEGUNDA LICENCIATURA;9;VIRTUAL;11;TRADICIONAL;EAD;01/07/1970;31/12/2019;01/01/2020;;3;PRECO FIXO;385,57;385,57;;0;;;;
2850;374;UNIVERSIDADE ESTACIO DE SA;1835;EAD CHAPADA DOS GUIMARAES - MT;4081;INVESTIGACAO FORENSE E PERICIA CRIMINAL;9;VIRTUAL;4;TECNOLOGICA;EAD;01/07/1970;31/12/2019;01/01/2020;;3;PRECO FIXO;399,86;399,86;;0;;;;
2850;374;UNIVERSIDADE ESTACIO DE SA;1835;EAD CHAPADA DOS GUIMARAES - MT;4355;JOGOS DIGITAIS;9;VIRTUAL;4;TECNOLOGICA;EAD;01/07/1970;31/12/2019;01/01/2020;;3;PRECO FIXO;399,86;399,86;;0;;;;
2792;374;UNIVERSIDADE ESTACIO DE SA;1835;EAD CHAPADA DOS GUIMARAES - MT;4000;JORNALISMO;9;VIRTUAL;11;TRADICIONAL;EAD;01/07/1970;31/12/2019;01/01/2020;;3;PRECO FIXO;428,43;428,43;;0;;;;
2792;374;UNIVERSIDADE ESTACIO DE SA;1835;EAD CHAPADA DOS GUIMARAES - MT;4026;LETRAS - ESPANHOL;9;VIRTUAL;11;TRADICIONAL;EAD;01/07/1970;31/12/2019;01/01/2020;;3;PRECO FIXO;385,57;385,57;;0;;;;
2792;374;UNIVERSIDADE ESTACIO DE SA;1835;EAD CHAPADA DOS GUIMARAES - MT;4508;LETRAS - ESPANHOL - FORMACAO PEDAGOGICA;9;VIRTUAL;11;TRADICIONAL;EAD;01/07/1970;31/12/2019;01/01/2020;;3;PRECO FIXO;385,57;385,57;;0;;;;
2792;374;UNIVERSIDADE ESTACIO DE SA;1835;EAD CHAPADA DOS GUIMARAES - MT;4507;LETRAS - ESPANHOL - SEGUNDA LICENCIATURA;9;VIRTUAL;11;TRADICIONAL;EAD;01/07/1970;31/12/2019;01/01/2020;;3;PRECO FIXO;385,57;385,57;;0;;;;
2792;374;UNIVERSIDADE ESTACIO DE SA;1835;EAD CHAPADA DOS GUIMARAES - MT;4024;LETRAS - INGLES;9;VIRTUAL;11;TRADICIONAL;EAD;01/07/1970;31/12/2019;01/01/2020;;3;PRECO FIXO;385,57;385,57;;0;;;;
2792;374;UNIVERSIDADE ESTACIO DE SA;1835;EAD CHAPADA DOS GUIMARAES - MT;4501;LETRAS - INGLES - FORMACAO PEDAGOGICA;9;VIRTUAL;11;TRADICIONAL;EAD;01/07/1970;31/12/2019;01/01/2020;;3;PRECO FIXO;385,57;385,57;;0;;;;
2792;374;UNIVERSIDADE ESTACIO DE SA;1835;EAD CHAPADA DOS GUIMARAES - MT;4522;LETRAS - INGLES - SEGUNDA LICENCIATURA;9;VIRTUAL;11;TRADICIONAL;EAD;01/07/1970;31/12/2019;01/01/2020;;3;PRECO FIXO;385,57;385,57;;0;;;;
2792;374;UNIVERSIDADE ESTACIO DE SA;1835;EAD CHAPADA DOS GUIMARAES - MT;4512;LETRAS - LIBRAS - LINGUA PORTUGUESA;9;VIRTUAL;11;TRADICIONAL;EAD;01/07/1970;31/12/2019;01/01/2020;;3;PRECO FIXO;385,57;385,57;;0;;;;
2792;374;UNIVERSIDADE ESTACIO DE SA;1835;EAD CHAPADA DOS GUIMARAES - MT;4022;LETRAS - LINGUA PORTUGUESA;9;VIRTUAL;11;TRADICIONAL;EAD;01/07/1970;31/12/2019;01/01/2020;;3;PRECO FIXO;385,57;385,57;;0;;;;
2792;374;UNIVERSIDADE ESTACIO DE SA;1835;EAD CHAPADA DOS GUIMARAES - MT;4510;LETRAS - LINGUA PORTUGUESA;9;VIRTUAL;11;TRADICIONAL;EAD;01/07/1970;31/12/2019;01/01/2020;;3;PRECO FIXO;385,57;385,57;;0;;;;
2792;374;UNIVERSIDADE ESTACIO DE SA;1835;EAD CHAPADA DOS GUIMARAES - MT;4502;LETRAS - LINGUA PORTUGUESA - FORMACAO PEDAGOGICA;9;VIRTUAL;11;TRADICIONAL;EAD;01/07/1970;31/12/2019;01/01/2020;;3;PRECO FIXO;385,57;385,57;;0;;;;
2792;374;UNIVERSIDADE ESTACIO DE SA;1835;EAD CHAPADA DOS GUIMARAES - MT;4504;LETRAS - LINGUA PORTUGUESA - SEGUNDA LICENCIATURA;9;VIRTUAL;11;TRADICIONAL;EAD;01/07/1970;31/12/2019;01/01/2020;;3;PRECO FIXO;385,57;385,57;;0;;;;
2850;374;UNIVERSIDADE ESTACIO DE SA;1835;EAD CHAPADA DOS GUIMARAES - MT;4339;LOGISTICA;9;VIRTUAL;4;TECNOLOGICA;EAD;01/07/1970;31/12/2019;01/01/2020;;3;PRECO FIXO;399,86;399,86;;0;;;;
2850;374;UNIVERSIDADE ESTACIO DE SA;1835;EAD CHAPADA DOS GUIMARAES - MT;4341;MARKETING;9;VIRTUAL;4;TECNOLOGICA;EAD;01/07/1970;31/12/2019;01/01/2020;;3;PRECO FIXO;399,86;399,86;;0;;;;
2792;374;UNIVERSIDADE ESTACIO DE SA;1835;EAD CHAPADA DOS GUIMARAES - MT;10;MATEMATICA;9;VIRTUAL;11;TRADICIONAL;EAD;01/07/1970;31/12/2019;01/01/2020;;3;PRECO FIXO;385,57;385,57;;0;;;;
2792;374;UNIVERSIDADE ESTACIO DE SA;1835;EAD CHAPADA DOS GUIMARAES - MT;4511;MATEMATICA;9;VIRTUAL;11;TRADICIONAL;EAD;01/07/1970;31/12/2019;01/01/2020;;3;PRECO FIXO;385,57;385,57;;0;;;;
2792;374;UNIVERSIDADE ESTACIO DE SA;1835;EAD CHAPADA DOS GUIMARAES - MT;2963;MATEMATICA - FORMACAO PEDAGOGICA;9;VIRTUAL;11;TRADICIONAL;EAD;01/07/1970;31/12/2019;01/01/2020;;3;PRECO FIXO;385,57;385,57;;0;;;;
2792;374;UNIVERSIDADE ESTACIO DE SA;1835;EAD CHAPADA DOS GUIMARAES - MT;4505;MATEMATICA - SEGUNDA LICENCIATURA;9;VIRTUAL;11;TRADICIONAL;EAD;01/07/1970;31/12/2019;01/01/2020;;3;PRECO FIXO;385,57;385,57;;0;;;;
2850;374;UNIVERSIDADE ESTACIO DE SA;1835;EAD CHAPADA DOS GUIMARAES - MT;4080;MEDIACAO;9;VIRTUAL;4;TECNOLOGICA;EAD;01/07/1970;31/12/2019;01/01/2020;;3;PRECO FIXO;399,86;399,86;;0;;;;
2850;374;UNIVERSIDADE ESTACIO DE SA;1835;EAD CHAPADA DOS GUIMARAES - MT;4079;NEGOCIOS IMOBILIARIOS;9;VIRTUAL;4;TECNOLOGICA;EAD;01/07/1970;31/12/2019;01/01/2020;;3;PRECO FIXO;228,43;228,43;;0;;;;
2792;374;UNIVERSIDADE ESTACIO DE SA;1835;EAD CHAPADA DOS GUIMARAES - MT;11;PEDAGOGIA;9;VIRTUAL;11;TRADICIONAL;EAD;01/07/1970;31/12/2019;01/01/2020;;3;PRECO FIXO;385,57;385,57;;0;;;;
2792;374;UNIVERSIDADE ESTACIO DE SA;1835;EAD CHAPADA DOS GUIMARAES - MT;3392;PEDAGOGIA - FORMACAO PEDAGOGICA;9;VIRTUAL;11;TRADICIONAL;EAD;01/07/1970;31/12/2019;01/01/2020;;3;PRECO FIXO;385,57;385,57;;0;;;;
2792;374;UNIVERSIDADE ESTACIO DE SA;1835;EAD CHAPADA DOS GUIMARAES - MT;4506;PEDAGOGIA - SEGUNDA LICENCIATURA;9;VIRTUAL;11;TRADICIONAL;EAD;01/07/1970;31/12/2019;01/01/2020;;3;PRECO FIXO;385,57;385,57;;0;;;;
2850;374;UNIVERSIDADE ESTACIO DE SA;1835;EAD CHAPADA DOS GUIMARAES - MT;4518;PROCESSOS ESCOLARES;9;VIRTUAL;4;TECNOLOGICA;EAD;01/07/1970;31/12/2019;01/01/2020;;3;PRECO FIXO;399,86;399,86;;0;;;;
2850;374;UNIVERSIDADE ESTACIO DE SA;1835;EAD CHAPADA DOS GUIMARAES - MT;4359;PROCESSOS GERENCIAIS;9;VIRTUAL;4;TECNOLOGICA;EAD;01/07/1970;31/12/2019;01/01/2020;;3;PRECO FIXO;399,86;399,86;;0;;;;
2792;374;UNIVERSIDADE ESTACIO DE SA;1835;EAD CHAPADA DOS GUIMARAES - MT;4001;PUBLICIDADE E PROPAGANDA;9;VIRTUAL;11;TRADICIONAL;EAD;01/07/1970;31/12/2019;01/01/2020;;3;PRECO FIXO;428,43;428,43;;0;;;;
2792;374;UNIVERSIDADE ESTACIO DE SA;1835;EAD CHAPADA DOS GUIMARAES - MT;19;RELACOES INTERNACIONAIS;9;VIRTUAL;11;TRADICIONAL;EAD;01/07/1970;31/12/2019;01/01/2020;;3;PRECO FIXO;428,43;428,43;;0;;;;
2792;374;UNIVERSIDADE ESTACIO DE SA;1835;EAD CHAPADA DOS GUIMARAES - MT;3391;SECRETARIADO EXECUTIVO;9;VIRTUAL;11;TRADICIONAL;EAD;01/07/1970;31/12/2019;01/01/2020;;3;PRECO FIXO;428,43;428,43;;0;;;;
2850;374;UNIVERSIDADE ESTACIO DE SA;1835;EAD CHAPADA DOS GUIMARAES - MT;3390;SEGURANCA NO TRABALHO;9;VIRTUAL;4;TECNOLOGICA;EAD;01/07/1970;31/12/2019;01/01/2020;;3;PRECO FIXO;399,86;399,86;;0;;;;
2850;374;UNIVERSIDADE ESTACIO DE SA;1835;EAD CHAPADA DOS GUIMARAES - MT;4099;SEGURANCA PUBLICA;9;VIRTUAL;4;TECNOLOGICA;EAD;01/07/1970;31/12/2019;01/01/2020;;3;PRECO FIXO;399,86;399,86;;0;;;;
2792;374;UNIVERSIDADE ESTACIO DE SA;1835;EAD CHAPADA DOS GUIMARAES - MT;289;SERVICO SOCIAL;9;VIRTUAL;11;TRADICIONAL;EAD;01/07/1970;31/12/2019;01/01/2020;;3;PRECO FIXO;428,43;428,43;;0;;;;
2792;374;UNIVERSIDADE ESTACIO DE SA;1835;EAD CHAPADA DOS GUIMARAES - MT;35;SISTEMAS DE INFORMACAO;9;VIRTUAL;11;TRADICIONAL;EAD;01/07/1970;31/12/2019;01/01/2020;;3;PRECO FIXO;428,43;428,43;;0;;;;
2850;374;UNIVERSIDADE ESTACIO DE SA;1835;EAD CHAPADA DOS GUIMARAES - MT;4349;SISTEMAS PARA INTERNET;9;VIRTUAL;4;TECNOLOGICA;EAD;01/07/1970;31/12/2019;01/01/2020;;3;PRECO FIXO;399,86;399,86;;0;;;;
2792;374;UNIVERSIDADE ESTACIO DE SA;1835;EAD CHAPADA DOS GUIMARAES - MT;865;SOCIOLOGIA;9;VIRTUAL;11;TRADICIONAL;EAD;01/07/1970;31/12/2019;01/01/2020;;3;PRECO FIXO;399,86;399,86;;0;;;;
2850;374;UNIVERSIDADE ESTACIO DE SA;1835;EAD CHAPADA DOS GUIMARAES - MT;4517;TECNOLOGIAS EDUCACIONAIS;9;VIRTUAL;4;TECNOLOGICA;EAD;01/07/1970;31/12/2019;01/01/2020;;3;PRECO FIXO;399,86;399,86;;0;;;;
2792;374;UNIVERSIDADE ESTACIO DE SA;1835;EAD CHAPADA DOS GUIMARAES - MT;646;TEOLOGIA;9;VIRTUAL;11;TRADICIONAL;EAD;01/07/1970;31/12/2019;01/01/2020;;3;PRECO FIXO;385,57;385,57;;0;;;;
2792;374;UNIVERSIDADE ESTACIO DE SA;1835;EAD CHAPADA DOS GUIMARAES - MT;4514;TURISMO - LICENCIATURA;9;VIRTUAL;11;TRADICIONAL;EAD;01/07/1970;31/12/2019;01/01/2020;;3;PRECO FIXO;385,57;385,57;;0;;;;
2741;2042;CENTRO UNIVERSITARIO ESTACIO DE RIBEIRAO PRETO;1841;EAD UBAJARA - CE;2;ADMINISTRACAO;9;VIRTUAL;11;TRADICIONAL;EAD;01/07/1970;31/12/2019;01/01/2020;;3;PRECO FIXO;428,43;428,43;;0;;;;
2741;2042;CENTRO UNIVERSITARIO ESTACIO DE RIBEIRAO PRETO;1841;EAD UBAJARA - CE;3386;ADMINISTRACAO PUBLICA;9;VIRTUAL;11;TRADICIONAL;EAD;01/07/1970;31/12/2019;01/01/2020;;3;PRECO FIXO;428,43;428,43;;0;;;;
2797;2042;CENTRO UNIVERSITARIO ESTACIO DE RIBEIRAO PRETO;1841;EAD UBAJARA - CE;4340;ANALISE E DESENVOLVIMENTO DE SISTEMAS;9;VIRTUAL;4;TECNOLOGICA;EAD;01/07/1970;31/12/2019;01/01/2020;;3;PRECO FIXO;385,57;385,57;;0;;;;
2741;2042;CENTRO UNIVERSITARIO ESTACIO DE RIBEIRAO PRETO;1841;EAD UBAJARA - CE;945;ARTES VISUAIS;9;VIRTUAL;11;TRADICIONAL;EAD;01/07/1970;31/12/2019;01/01/2020;;3;PRECO FIXO;385,57;385,57;;0;;;;
2797;2042;CENTRO UNIVERSITARIO ESTACIO DE RIBEIRAO PRETO;1841;EAD UBAJARA - CE;4202;BANCO DE DADOS;9;VIRTUAL;4;TECNOLOGICA;EAD;01/07/1970;31/12/2019;01/01/2020;;3;PRECO FIXO;385,57;385,57;;0;;;;
2741;2042;CENTRO UNIVERSITARIO ESTACIO DE RIBEIRAO PRETO;1841;EAD UBAJARA - CE;556;CIENCIA DA COMPUTACAO;9;VIRTUAL;11;TRADICIONAL;EAD;01/07/1970;31/12/2019;01/01/2020;;3;PRECO FIXO;642,71;642,71;;0;;;;
2797;2042;CENTRO UNIVERSITARIO ESTACIO DE RIBEIRAO PRETO;1841;EAD UBAJARA - CE;3388;CIENCIA DE DADOS;9;VIRTUAL;4;TECNOLOGICA;EAD;01/07/1970;31/12/2019;01/01/2020;;3;PRECO FIXO;385,57;385,57;;0;;;;
2741;2042;CENTRO UNIVERSITARIO ESTACIO DE RIBEIRAO PRETO;1841;EAD UBAJARA - CE;22;CIENCIAS CONTABEIS;9;VIRTUAL;11;TRADICIONAL;EAD;01/07/1970;31/12/2019;01/01/2020;;3;PRECO FIXO;428,43;428,43;;0;;;;
2741;2042;CENTRO UNIVERSITARIO ESTACIO DE RIBEIRAO PRETO;1841;EAD UBAJARA - CE;4519;CIENCIAS DA NATUREZA;9;VIRTUAL;11;TRADICIONAL;EAD;01/07/1970;31/12/2019;01/01/2020;;3;PRECO FIXO;385,57;385,57;;0;;;;
2741;2042;CENTRO UNIVERSITARIO ESTACIO DE RIBEIRAO PRETO;1841;EAD UBAJARA - CE;3;CIENCIAS ECONOMICAS;9;VIRTUAL;11;TRADICIONAL;EAD;01/07/1970;31/12/2019;01/01/2020;;3;PRECO FIXO;428,43;428,43;;0;;;;
2741;2042;CENTRO UNIVERSITARIO ESTACIO DE RIBEIRAO PRETO;1841;EAD UBAJARA - CE;4520;CIENCIAS EXATAS;9;VIRTUAL;11;TRADICIONAL;EAD;01/07/1970;31/12/2019;01/01/2020;;3;PRECO FIXO;385,57;385,57;;0;;;;
2741;2042;CENTRO UNIVERSITARIO ESTACIO DE RIBEIRAO PRETO;1841;EAD UBAJARA - CE;4521;CIENCIAS HUMANAS;9;VIRTUAL;11;TRADICIONAL;EAD;01/07/1970;31/12/2019;01/01/2020;;3;PRECO FIXO;428,43;428,43;;0;;;;
2797;2042;CENTRO UNIVERSITARIO ESTACIO DE RIBEIRAO PRETO;1841;EAD UBAJARA - CE;4342;COMERCIO EXTERIOR;9;VIRTUAL;4;TECNOLOGICA;EAD;01/07/1970;31/12/2019;01/01/2020;;3;PRECO FIXO;385,57;385,57;;0;;;;
2741;2042;CENTRO UNIVERSITARIO ESTACIO DE RIBEIRAO PRETO;1841;EAD UBAJARA - CE;4523;COMPUTACAO;9;VIRTUAL;11;TRADICIONAL;EAD;01/07/1970;31/12/2019;01/01/2020;;3;PRECO FIXO;385,57;385,57;;0;;;;
2797;2042;CENTRO UNIVERSITARIO ESTACIO DE RIBEIRAO PRETO;1841;EAD UBAJARA - CE;4369;COMUNICACAO INSTITUCIONAL;9;VIRTUAL;4;TECNOLOGICA;EAD;01/07/1970;31/12/2019;01/01/2020;;3;PRECO FIXO;385,57;385,57;;0;;;;
2797;2042;CENTRO UNIVERSITARIO ESTACIO DE RIBEIRAO PRETO;1841;EAD UBAJARA - CE;4389;COZINHA CONTEMPORANEA;9;VIRTUAL;4;TECNOLOGICA;EAD;01/07/1970;31/12/2019;01/01/2020;;3;PRECO FIXO;642,71;642,71;;0;;;;
2797;2042;CENTRO UNIVERSITARIO ESTACIO DE RIBEIRAO PRETO;1841;EAD UBAJARA - CE;4093;DEFESA CIBERNETICA;9;VIRTUAL;4;TECNOLOGICA;EAD;01/07/1970;31/12/2019;01/01/2020;;3;PRECO FIXO;385,57;385,57;;0;;;;
2741;2042;CENTRO UNIVERSITARIO ESTACIO DE RIBEIRAO PRETO;1841;EAD UBAJARA - CE;3389;ENGENHARIA DE SOFTWARE;9;VIRTUAL;11;TRADICIONAL;EAD;01/07/1970;31/12/2019;01/01/2020;;3;PRECO FIXO;642,71;642,71;;0;;;;
2741;2042;CENTRO UNIVERSITARIO ESTACIO DE RIBEIRAO PRETO;1841;EAD UBAJARA - CE;645;FILOSOFIA;9;VIRTUAL;11;TRADICIONAL;EAD;01/07/1970;31/12/2019;01/01/2020;;3;PRECO FIXO;385,57;385,57;;0;;;;
2741;2042;CENTRO UNIVERSITARIO ESTACIO DE RIBEIRAO PRETO;1841;EAD UBAJARA - CE;4019;GEOGRAFIA;9;VIRTUAL;11;TRADICIONAL;EAD;01/07/1970;31/12/2019;01/01/2020;;3;PRECO FIXO;385,57;385,57;;0;;;;
2741;2042;CENTRO UNIVERSITARIO ESTACIO DE RIBEIRAO PRETO;1841;EAD UBAJARA - CE;4020;GEOGRAFIA;9;VIRTUAL;11;TRADICIONAL;EAD;01/07/1970;31/12/2019;01/01/2020;;3;PRECO FIXO;385,57;385,57;;0;;;;
2741;2042;CENTRO UNIVERSITARIO ESTACIO DE RIBEIRAO PRETO;1841;EAD UBAJARA - CE;4509;GEOGRAFIA - SEGUNDA LICENCIATURA;9;VIRTUAL;11;TRADICIONAL;EAD;01/07/1970;31/12/2019;01/01/2020;;3;PRECO FIXO;385,57;385,57;;0;;;;
2797;2042;CENTRO UNIVERSITARIO ESTACIO DE RIBEIRAO PRETO;1841;EAD UBAJARA - CE;4516;GERONTOLOGIA - BEM ESTAR E EDUCACAO;9;VIRTUAL;4;TECNOLOGICA;EAD;01/07/1970;31/12/2019;01/01/2020;;3;PRECO FIXO;385,57;385,57;;0;;;;
2797;2042;CENTRO UNIVERSITARIO ESTACIO DE RIBEIRAO PRETO;1841;EAD UBAJARA - CE;4345;GESTAO AMBIENTAL;9;VIRTUAL;4;TECNOLOGICA;EAD;01/07/1970;31/12/2019;01/01/2020;;3;PRECO FIXO;385,57;385,57;;0;;;;
2797;2042;CENTRO UNIVERSITARIO ESTACIO DE RIBEIRAO PRETO;1841;EAD UBAJARA - CE;4347;GESTAO COMERCIAL;9;VIRTUAL;4;TECNOLOGICA;EAD;01/07/1970;31/12/2019;01/01/2020;;3;PRECO FIXO;385,57;385,57;;0;;;;
2797;2042;CENTRO UNIVERSITARIO ESTACIO DE RIBEIRAO PRETO;1841;EAD UBAJARA - CE;4370;GESTAO DA QUALIDADE;9;VIRTUAL;4;TECNOLOGICA;EAD;01/07/1970;31/12/2019;01/01/2020;;3;PRECO FIXO;385,57;385,57;;0;;;;
2797;2042;CENTRO UNIVERSITARIO ESTACIO DE RIBEIRAO PRETO;1841;EAD UBAJARA - CE;4334;GESTAO DA TECNOLOGIA DA INFORMACAO;9;VIRTUAL;4;TECNOLOGICA;EAD;01/07/1970;31/12/2019;01/01/2020;;3;PRECO FIXO;385,57;385,57;;0;;;;
2797;2042;CENTRO UNIVERSITARIO ESTACIO DE RIBEIRAO PRETO;1841;EAD UBAJARA - CE;4070;GESTAO DE RECURSOS HUMANOS;9;VIRTUAL;4;TECNOLOGICA;EAD;01/07/1970;31/12/2019;01/01/2020;;3;PRECO FIXO;385,57;385,57;;0;;;;
2797;2042;CENTRO UNIVERSITARIO ESTACIO DE RIBEIRAO PRETO;1841;EAD UBAJARA - CE;4346;GESTAO DE SEGURANCA PRIVADA;9;VIRTUAL;4;TECNOLOGICA;EAD;01/07/1970;31/12/2019;01/01/2020;;3;PRECO FIXO;385,57;385,57;;0;;;;
2797;2042;CENTRO UNIVERSITARIO ESTACIO DE RIBEIRAO PRETO;1841;EAD UBAJARA - CE;4335;GESTAO DE TURISMO;9;VIRTUAL;4;TECNOLOGICA;EAD;01/07/1970;31/12/2019;01/01/2020;;3;PRECO FIXO;385,57;385,57;;0;;;;
2741;2042;CENTRO UNIVERSITARIO ESTACIO DE RIBEIRAO PRETO;1841;EAD UBAJARA - CE;4515;GESTAO E EMPREENDEDORISMO;9;VIRTUAL;11;TRADICIONAL;EAD;01/07/1970;31/12/2019;01/01/2020;;3;PRECO FIXO;385,57;385,57;;0;;;;
2797;2042;CENTRO UNIVERSITARIO ESTACIO DE RIBEIRAO PRETO;1841;EAD UBAJARA - CE;4366;GESTAO FINANCEIRA;9;VIRTUAL;4;TECNOLOGICA;EAD;01/07/1970;31/12/2019;01/01/2020;;3;PRECO FIXO;385,57;385,57;;0;;;;
2797;2042;CENTRO UNIVERSITARIO ESTACIO DE RIBEIRAO PRETO;1841;EAD UBAJARA - CE;4076;GESTAO HOSPITALAR;9;VIRTUAL;4;TECNOLOGICA;EAD;01/07/1970;31/12/2019;01/01/2020;;3;PRECO FIXO;385,57;385,57;;0;;;;
2797;2042;CENTRO UNIVERSITARIO ESTACIO DE RIBEIRAO PRETO;1841;EAD UBAJARA - CE;4292;GESTAO PUBLICA;9;VIRTUAL;4;TECNOLOGICA;EAD;01/07/1970;31/12/2019;01/01/2020;;3;PRECO FIXO;385,57;385,57;;0;;;;
2741;2042;CENTRO UNIVERSITARIO ESTACIO DE RIBEIRAO PRETO;1841;EAD UBAJARA - CE;4017;HISTORIA;9;VIRTUAL;11;TRADICIONAL;EAD;01/07/1970;31/12/2019;01/01/2020;;3;PRECO FIXO;385,57;385,57;;0;;;;
2741;2042;CENTRO UNIVERSITARIO ESTACIO DE RIBEIRAO PRETO;1841;EAD UBAJARA - CE;4018;HISTORIA;9;VIRTUAL;11;TRADICIONAL;EAD;01/07/1970;31/12/2019;01/01/2020;;3;PRECO FIXO;385,57;385,57;;0;;;;
2741;2042;CENTRO UNIVERSITARIO ESTACIO DE RIBEIRAO PRETO;1841;EAD UBAJARA - CE;4500;HISTORIA - FORMACAO PEDAGOGICA;9;VIRTUAL;11;TRADICIONAL;EAD;01/07/1970;31/12/2019;01/01/2020;;3;PRECO FIXO;385,57;385,57;;0;;;;
2741;2042;CENTRO UNIVERSITARIO ESTACIO DE RIBEIRAO PRETO;1841;EAD UBAJARA - CE;4503;HISTORIA - SEGUNDA LICENCIATURA;9;VIRTUAL;11;TRADICIONAL;EAD;01/07/1970;31/12/2019;01/01/2020;;3;PRECO FIXO;385,57;385,57;;0;;;;
2797;2042;CENTRO UNIVERSITARIO ESTACIO DE RIBEIRAO PRETO;1841;EAD UBAJARA - CE;4081;INVESTIGACAO FORENSE E PERICIA CRIMINAL;9;VIRTUAL;4;TECNOLOGICA;EAD;01/07/1970;31/12/2019;01/01/2020;;3;PRECO FIXO;385,57;385,57;;0;;;;
2797;2042;CENTRO UNIVERSITARIO ESTACIO DE RIBEIRAO PRETO;1841;EAD UBAJARA - CE;4355;JOGOS DIGITAIS;9;VIRTUAL;4;TECNOLOGICA;EAD;01/07/1970;31/12/2019;01/01/2020;;3;PRECO FIXO;385,57;385,57;;0;;;;
2741;2042;CENTRO UNIVERSITARIO ESTACIO DE RIBEIRAO PRETO;1841;EAD UBAJARA - CE;4000;JORNALISMO;9;VIRTUAL;11;TRADICIONAL;EAD;01/07/1970;31/12/2019;01/01/2020;;3;PRECO FIXO;428,43;428,43;;0;;;;
2741;2042;CENTRO UNIVERSITARIO ESTACIO DE RIBEIRAO PRETO;1841;EAD UBAJARA - CE;4026;LETRAS - ESPANHOL;9;VIRTUAL;11;TRADICIONAL;EAD;01/07/1970;31/12/2019;01/01/2020;;3;PRECO FIXO;385,57;385,57;;0;;;;
2741;2042;CENTRO UNIVERSITARIO ESTACIO DE RIBEIRAO PRETO;1841;EAD UBAJARA - CE;4508;LETRAS - ESPANHOL - FORMACAO PEDAGOGICA;9;VIRTUAL;11;TRADICIONAL;EAD;01/07/1970;31/12/2019;01/01/2020;;3;PRECO FIXO;385,57;385,57;;0;;;;
2741;2042;CENTRO UNIVERSITARIO ESTACIO DE RIBEIRAO PRETO;1841;EAD UBAJARA - CE;4507;LETRAS - ESPANHOL - SEGUNDA LICENCIATURA;9;VIRTUAL;11;TRADICIONAL;EAD;01/07/1970;31/12/2019;01/01/2020;;3;PRECO FIXO;385,57;385,57;;0;;;;
2741;2042;CENTRO UNIVERSITARIO ESTACIO DE RIBEIRAO PRETO;1841;EAD UBAJARA - CE;4024;LETRAS - INGLES;9;VIRTUAL;11;TRADICIONAL;EAD;01/07/1970;31/12/2019;01/01/2020;;3;PRECO FIXO;385,57;385,57;;0;;;;
2741;2042;CENTRO UNIVERSITARIO ESTACIO DE RIBEIRAO PRETO;1841;EAD UBAJARA - CE;4501;LETRAS - INGLES - FORMACAO PEDAGOGICA;9;VIRTUAL;11;TRADICIONAL;EAD;01/07/1970;31/12/2019;01/01/2020;;3;PRECO FIXO;385,57;385,57;;0;;;;
2741;2042;CENTRO UNIVERSITARIO ESTACIO DE RIBEIRAO PRETO;1841;EAD UBAJARA - CE;4522;LETRAS - INGLES - SEGUNDA LICENCIATURA;9;VIRTUAL;11;TRADICIONAL;EAD;01/07/1970;31/12/2019;01/01/2020;;3;PRECO FIXO;385,57;385,57;;0;;;;
2741;2042;CENTRO UNIVERSITARIO ESTACIO DE RIBEIRAO PRETO;1841;EAD UBAJARA - CE;4512;LETRAS - LIBRAS - LINGUA PORTUGUESA;9;VIRTUAL;11;TRADICIONAL;EAD;01/07/1970;31/12/2019;01/01/2020;;3;PRECO FIXO;385,57;385,57;;0;;;;
2741;2042;CENTRO UNIVERSITARIO ESTACIO DE RIBEIRAO PRETO;1841;EAD UBAJARA - CE;4022;LETRAS - LINGUA PORTUGUESA;9;VIRTUAL;11;TRADICIONAL;EAD;01/07/1970;31/12/2019;01/01/2020;;3;PRECO FIXO;385,57;385,57;;0;;;;
2741;2042;CENTRO UNIVERSITARIO ESTACIO DE RIBEIRAO PRETO;1841;EAD UBAJARA - CE;4510;LETRAS - LINGUA PORTUGUESA;9;VIRTUAL;11;TRADICIONAL;EAD;01/07/1970;31/12/2019;01/01/2020;;3;PRECO FIXO;385,57;385,57;;0;;;;
2741;2042;CENTRO UNIVERSITARIO ESTACIO DE RIBEIRAO PRETO;1841;EAD UBAJARA - CE;4502;LETRAS - LINGUA PORTUGUESA - FORMACAO PEDAGOGICA;9;VIRTUAL;11;TRADICIONAL;EAD;01/07/1970;31/12/2019;01/01/2020;;3;PRECO FIXO;385,57;385,57;;0;;;;
2741;2042;CENTRO UNIVERSITARIO ESTACIO DE RIBEIRAO PRETO;1841;EAD UBAJARA - CE;4504;LETRAS - LINGUA PORTUGUESA - SEGUNDA LICENCIATURA;9;VIRTUAL;11;TRADICIONAL;EAD;01/07/1970;31/12/2019;01/01/2020;;3;PRECO FIXO;385,57;385,57;;0;;;;
2797;2042;CENTRO UNIVERSITARIO ESTACIO DE RIBEIRAO PRETO;1841;EAD UBAJARA - CE;4339;LOGISTICA;9;VIRTUAL;4;TECNOLOGICA;EAD;01/07/1970;31/12/2019;01/01/2020;;3;PRECO FIXO;385,57;385,57;;0;;;;
2797;2042;CENTRO UNIVERSITARIO ESTACIO DE RIBEIRAO PRETO;1841;EAD UBAJARA - CE;4341;MARKETING;9;VIRTUAL;4;TECNOLOGICA;EAD;01/07/1970;31/12/2019;01/01/2020;;3;PRECO FIXO;385,57;385,57;;0;;;;
2741;2042;CENTRO UNIVERSITARIO ESTACIO DE RIBEIRAO PRETO;1841;EAD UBAJARA - CE;10;MATEMATICA;9;VIRTUAL;11;TRADICIONAL;EAD;01/07/1970;31/12/2019;01/01/2020;;3;PRECO FIXO;385,57;385,57;;0;;;;
2741;2042;CENTRO UNIVERSITARIO ESTACIO DE RIBEIRAO PRETO;1841;EAD UBAJARA - CE;4511;MATEMATICA;9;VIRTUAL;11;TRADICIONAL;EAD;01/07/1970;31/12/2019;01/01/2020;;3;PRECO FIXO;385,57;385,57;;0;;;;
2741;2042;CENTRO UNIVERSITARIO ESTACIO DE RIBEIRAO PRETO;1841;EAD UBAJARA - CE;2963;MATEMATICA - FORMACAO PEDAGOGICA;9;VIRTUAL;11;TRADICIONAL;EAD;01/07/1970;31/12/2019;01/01/2020;;3;PRECO FIXO;385,57;385,57;;0;;;;
2741;2042;CENTRO UNIVERSITARIO ESTACIO DE RIBEIRAO PRETO;1841;EAD UBAJARA - CE;4505;MATEMATICA - SEGUNDA LICENCIATURA;9;VIRTUAL;11;TRADICIONAL;EAD;01/07/1970;31/12/2019;01/01/2020;;3;PRECO FIXO;385,57;385,57;;0;;;;
2797;2042;CENTRO UNIVERSITARIO ESTACIO DE RIBEIRAO PRETO;1841;EAD UBAJARA - CE;4080;MEDIACAO;9;VIRTUAL;4;TECNOLOGICA;EAD;01/07/1970;31/12/2019;01/01/2020;;3;PRECO FIXO;385,57;385,57;;0;;;;
2797;2042;CENTRO UNIVERSITARIO ESTACIO DE RIBEIRAO PRETO;1841;EAD UBAJARA - CE;4079;NEGOCIOS IMOBILIARIOS;9;VIRTUAL;4;TECNOLOGICA;EAD;01/07/1970;31/12/2019;01/01/2020;;3;PRECO FIXO;228,43;228,43;;0;;;;
2741;2042;CENTRO UNIVERSITARIO ESTACIO DE RIBEIRAO PRETO;1841;EAD UBAJARA - CE;11;PEDAGOGIA;9;VIRTUAL;11;TRADICIONAL;EAD;01/07/1970;31/12/2019;01/01/2020;;3;PRECO FIXO;385,57;385,57;;0;;;;
2741;2042;CENTRO UNIVERSITARIO ESTACIO DE RIBEIRAO PRETO;1841;EAD UBAJARA - CE;3392;PEDAGOGIA - FORMACAO PEDAGOGICA;9;VIRTUAL;11;TRADICIONAL;EAD;01/07/1970;31/12/2019;01/01/2020;;3;PRECO FIXO;385,57;385,57;;0;;;;
2741;2042;CENTRO UNIVERSITARIO ESTACIO DE RIBEIRAO PRETO;1841;EAD UBAJARA - CE;4506;PEDAGOGIA - SEGUNDA LICENCIATURA;9;VIRTUAL;11;TRADICIONAL;EAD;01/07/1970;31/12/2019;01/01/2020;;3;PRECO FIXO;385,57;385,57;;0;;;;
2797;2042;CENTRO UNIVERSITARIO ESTACIO DE RIBEIRAO PRETO;1841;EAD UBAJARA - CE;4518;PROCESSOS ESCOLARES;9;VIRTUAL;4;TECNOLOGICA;EAD;01/07/1970;31/12/2019;01/01/2020;;3;PRECO FIXO;385,57;385,57;;0;;;;
2797;2042;CENTRO UNIVERSITARIO ESTACIO DE RIBEIRAO PRETO;1841;EAD UBAJARA - CE;4359;PROCESSOS GERENCIAIS;9;VIRTUAL;4;TECNOLOGICA;EAD;01/07/1970;31/12/2019;01/01/2020;;3;PRECO FIXO;385,57;385,57;;0;;;;
2741;2042;CENTRO UNIVERSITARIO ESTACIO DE RIBEIRAO PRETO;1841;EAD UBAJARA - CE;4001;PUBLICIDADE E PROPAGANDA;9;VIRTUAL;11;TRADICIONAL;EAD;01/07/1970;31/12/2019;01/01/2020;;3;PRECO FIXO;428,43;428,43;;0;;;;
2741;2042;CENTRO UNIVERSITARIO ESTACIO DE RIBEIRAO PRETO;1841;EAD UBAJARA - CE;19;RELACOES INTERNACIONAIS;9;VIRTUAL;11;TRADICIONAL;EAD;01/07/1970;31/12/2019;01/01/2020;;3;PRECO FIXO;428,43;428,43;;0;;;;
2741;2042;CENTRO UNIVERSITARIO ESTACIO DE RIBEIRAO PRETO;1841;EAD UBAJARA - CE;3391;SECRETARIADO EXECUTIVO;9;VIRTUAL;11;TRADICIONAL;EAD;01/07/1970;31/12/2019;01/01/2020;;3;PRECO FIXO;428,43;428,43;;0;;;;
2797;2042;CENTRO UNIVERSITARIO ESTACIO DE RIBEIRAO PRETO;1841;EAD UBAJARA - CE;3390;SEGURANCA NO TRABALHO;9;VIRTUAL;4;TECNOLOGICA;EAD;01/07/1970;31/12/2019;01/01/2020;;3;PRECO FIXO;385,57;385,57;;0;;;;
2741;2042;CENTRO UNIVERSITARIO ESTACIO DE RIBEIRAO PRETO;1841;EAD UBAJARA - CE;289;SERVICO SOCIAL;9;VIRTUAL;11;TRADICIONAL;EAD;01/07/1970;31/12/2019;01/01/2020;;3;PRECO FIXO;414,14;414,14;;0;;;;
2741;2042;CENTRO UNIVERSITARIO ESTACIO DE RIBEIRAO PRETO;1841;EAD UBAJARA - CE;35;SISTEMAS DE INFORMACAO;9;VIRTUAL;11;TRADICIONAL;EAD;01/07/1970;31/12/2019;01/01/2020;;3;PRECO FIXO;428,43;428,43;;0;;;;
2797;2042;CENTRO UNIVERSITARIO ESTACIO DE RIBEIRAO PRETO;1841;EAD UBAJARA - CE;4349;SISTEMAS PARA INTERNET;9;VIRTUAL;4;TECNOLOGICA;EAD;01/07/1970;31/12/2019;01/01/2020;;3;PRECO FIXO;385,57;385,57;;0;;;;
2741;2042;CENTRO UNIVERSITARIO ESTACIO DE RIBEIRAO PRETO;1841;EAD UBAJARA - CE;865;SOCIOLOGIA;9;VIRTUAL;11;TRADICIONAL;EAD;01/07/1970;31/12/2019;01/01/2020;;3;PRECO FIXO;385,57;385,57;;0;;;;
2797;2042;CENTRO UNIVERSITARIO ESTACIO DE RIBEIRAO PRETO;1841;EAD UBAJARA - CE;4517;TECNOLOGIAS EDUCACIONAIS;9;VIRTUAL;4;TECNOLOGICA;EAD;01/07/1970;31/12/2019;01/01/2020;;3;PRECO FIXO;385,57;385,57;;0;;;;
2741;2042;CENTRO UNIVERSITARIO ESTACIO DE RIBEIRAO PRETO;1841;EAD UBAJARA - CE;646;TEOLOGIA;9;VIRTUAL;11;TRADICIONAL;EAD;01/07/1970;31/12/2019;01/01/2020;;3;PRECO FIXO;385,57;385,57;;0;;;;
2741;2042;CENTRO UNIVERSITARIO ESTACIO DE RIBEIRAO PRETO;1841;EAD UBAJARA - CE;4514;TURISMO - LICENCIATURA;9;VIRTUAL;11;TRADICIONAL;EAD;01/07/1970;31/12/2019;01/01/2020;;3;PRECO FIXO;385,57;385,57;;0;;;;
2792;374;UNIVERSIDADE ESTACIO DE SA;1840;EAD SANTA RITA - PB;2;ADMINISTRACAO;9;VIRTUAL;11;TRADICIONAL;EAD;01/07/1970;31/12/2019;01/01/2020;;3;PRECO FIXO;414,14;414,14;;0;;;;
2792;374;UNIVERSIDADE ESTACIO DE SA;1840;EAD SANTA RITA - PB;3386;ADMINISTRACAO PUBLICA;9;VIRTUAL;11;TRADICIONAL;EAD;01/07/1970;31/12/2019;01/01/2020;;3;PRECO FIXO;414,14;414,14;;0;;;;
2850;374;UNIVERSIDADE ESTACIO DE SA;1840;EAD SANTA RITA - PB;4340;ANALISE E DESENVOLVIMENTO DE SISTEMAS;9;VIRTUAL;4;TECNOLOGICA;EAD;01/07/1970;31/12/2019;01/01/2020;;3;PRECO FIXO;371,29;371,29;;0;;;;
2792;374;UNIVERSIDADE ESTACIO DE SA;1840;EAD SANTA RITA - PB;945;ARTES VISUAIS;9;VIRTUAL;11;TRADICIONAL;EAD;01/07/1970;31/12/2019;01/01/2020;;3;PRECO FIXO;371,29;371,29;;0;;;;
2850;374;UNIVERSIDADE ESTACIO DE SA;1840;EAD SANTA RITA - PB;4202;BANCO DE DADOS;9;VIRTUAL;4;TECNOLOGICA;EAD;01/07/1970;31/12/2019;01/01/2020;;3;PRECO FIXO;371,29;371,29;;0;;;;
2792;374;UNIVERSIDADE ESTACIO DE SA;1840;EAD SANTA RITA - PB;556;CIENCIA DA COMPUTACAO;9;VIRTUAL;11;TRADICIONAL;EAD;01/07/1970;31/12/2019;01/01/2020;;3;PRECO FIXO;628,43;628,43;;0;;;;
2850;374;UNIVERSIDADE ESTACIO DE SA;1840;EAD SANTA RITA - PB;3388;CIENCIA DE DADOS;9;VIRTUAL;4;TECNOLOGICA;EAD;01/07/1970;31/12/2019;01/01/2020;;3;PRECO FIXO;371,29;371,29;;0;;;;
2792;374;UNIVERSIDADE ESTACIO DE SA;1840;EAD SANTA RITA - PB;22;CIENCIAS CONTABEIS;9;VIRTUAL;11;TRADICIONAL;EAD;01/07/1970;31/12/2019;01/01/2020;;3;PRECO FIXO;414,14;414,14;;0;;;;
2792;374;UNIVERSIDADE ESTACIO DE SA;1840;EAD SANTA RITA - PB;4519;CIENCIAS DA NATUREZA;9;VIRTUAL;11;TRADICIONAL;EAD;01/07/1970;31/12/2019;01/01/2020;;3;PRECO FIXO;371,29;371,29;;0;;;;
2792;374;UNIVERSIDADE ESTACIO DE SA;1840;EAD SANTA RITA - PB;3;CIENCIAS ECONOMICAS;9;VIRTUAL;11;TRADICIONAL;EAD;01/07/1970;31/12/2019;01/01/2020;;3;PRECO FIXO;414,14;414,14;;0;;;;
2792;374;UNIVERSIDADE ESTACIO DE SA;1840;EAD SANTA RITA - PB;4520;CIENCIAS EXATAS;9;VIRTUAL;11;TRADICIONAL;EAD;01/07/1970;31/12/2019;01/01/2020;;3;PRECO FIXO;371,29;371,29;;0;;;;
2792;374;UNIVERSIDADE ESTACIO DE SA;1840;EAD SANTA RITA - PB;4521;CIENCIAS HUMANAS;9;VIRTUAL;11;TRADICIONAL;EAD;01/07/1970;31/12/2019;01/01/2020;;3;PRECO FIXO;414,14;414,14;;0;;;;
2850;374;UNIVERSIDADE ESTACIO DE SA;1840;EAD SANTA RITA - PB;4342;COMERCIO EXTERIOR;9;VIRTUAL;4;TECNOLOGICA;EAD;01/07/1970;31/12/2019;01/01/2020;;3;PRECO FIXO;371,29;371,29;;0;;;;
2792;374;UNIVERSIDADE ESTACIO DE SA;1840;EAD SANTA RITA - PB;4523;COMPUTACAO;9;VIRTUAL;11;TRADICIONAL;EAD;01/07/1970;31/12/2019;01/01/2020;;3;PRECO FIXO;371,29;371,29;;0;;;;
2850;374;UNIVERSIDADE ESTACIO DE SA;1840;EAD SANTA RITA - PB;4369;COMUNICACAO INSTITUCIONAL;9;VIRTUAL;4;TECNOLOGICA;EAD;01/07/1970;31/12/2019;01/01/2020;;3;PRECO FIXO;371,29;371,29;;0;;;;
2850;374;UNIVERSIDADE ESTACIO DE SA;1840;EAD SANTA RITA - PB;4389;COZINHA CONTEMPORANEA;9;VIRTUAL;4;TECNOLOGICA;EAD;01/07/1970;31/12/2019;01/01/2020;;3;PRECO FIXO;628,43;628,43;;0;;;;
2850;374;UNIVERSIDADE ESTACIO DE SA;1840;EAD SANTA RITA - PB;4093;DEFESA CIBERNETICA;9;VIRTUAL;4;TECNOLOGICA;EAD;01/07/1970;31/12/2019;01/01/2020;;3;PRECO FIXO;371,29;371,29;;0;;;;
2792;374;UNIVERSIDADE ESTACIO DE SA;1840;EAD SANTA RITA - PB;3389;ENGENHARIA DE SOFTWARE;9;VIRTUAL;11;TRADICIONAL;EAD;01/07/1970;31/12/2019;01/01/2020;;3;PRECO FIXO;628,43;628,43;;0;;;;
2792;374;UNIVERSIDADE ESTACIO DE SA;1840;EAD SANTA RITA - PB;645;FILOSOFIA;9;VIRTUAL;11;TRADICIONAL;EAD;01/07/1970;31/12/2019;01/01/2020;;3;PRECO FIXO;371,29;371,29;;0;;;;
2792;374;UNIVERSIDADE ESTACIO DE SA;1840;EAD SANTA RITA - PB;4019;GEOGRAFIA;9;VIRTUAL;11;TRADICIONAL;EAD;01/07/1970;31/12/2019;01/01/2020;;3;PRECO FIXO;371,29;371,29;;0;;;;
2792;374;UNIVERSIDADE ESTACIO DE SA;1840;EAD SANTA RITA - PB;4020;GEOGRAFIA;9;VIRTUAL;11;TRADICIONAL;EAD;01/07/1970;31/12/2019;01/01/2020;;3;PRECO FIXO;371,29;371,29;;0;;;;
2792;374;UNIVERSIDADE ESTACIO DE SA;1840;EAD SANTA RITA - PB;4509;GEOGRAFIA - SEGUNDA LICENCIATURA;9;VIRTUAL;11;TRADICIONAL;EAD;01/07/1970;31/12/2019;01/01/2020;;3;PRECO FIXO;371,29;371,29;;0;;;;
2850;374;UNIVERSIDADE ESTACIO DE SA;1840;EAD SANTA RITA - PB;4516;GERONTOLOGIA - BEM ESTAR E EDUCACAO;9;VIRTUAL;4;TECNOLOGICA;EAD;01/07/1970;31/12/2019;01/01/2020;;3;PRECO FIXO;371,29;371,29;;0;;;;
2850;374;UNIVERSIDADE ESTACIO DE SA;1840;EAD SANTA RITA - PB;4345;GESTAO AMBIENTAL;9;VIRTUAL;4;TECNOLOGICA;EAD;01/07/1970;31/12/2019;01/01/2020;;3;PRECO FIXO;371,29;371,29;;0;;;;
2850;374;UNIVERSIDADE ESTACIO DE SA;1840;EAD SANTA RITA - PB;4347;GESTAO COMERCIAL;9;VIRTUAL;4;TECNOLOGICA;EAD;01/07/1970;31/12/2019;01/01/2020;;3;PRECO FIXO;371,29;371,29;;0;;;;
2850;374;UNIVERSIDADE ESTACIO DE SA;1840;EAD SANTA RITA - PB;4370;GESTAO DA QUALIDADE;9;VIRTUAL;4;TECNOLOGICA;EAD;01/07/1970;31/12/2019;01/01/2020;;3;PRECO FIXO;371,29;371,29;;0;;;;
2850;374;UNIVERSIDADE ESTACIO DE SA;1840;EAD SANTA RITA - PB;4334;GESTAO DA TECNOLOGIA DA INFORMACAO;9;VIRTUAL;4;TECNOLOGICA;EAD;01/07/1970;31/12/2019;01/01/2020;;3;PRECO FIXO;371,29;371,29;;0;;;;
2850;374;UNIVERSIDADE ESTACIO DE SA;1840;EAD SANTA RITA - PB;4070;GESTAO DE RECURSOS HUMANOS;9;VIRTUAL;4;TECNOLOGICA;EAD;01/07/1970;31/12/2019;01/01/2020;;3;PRECO FIXO;371,29;371,29;;0;;;;
2850;374;UNIVERSIDADE ESTACIO DE SA;1840;EAD SANTA RITA - PB;4346;GESTAO DE SEGURANCA PRIVADA;9;VIRTUAL;4;TECNOLOGICA;EAD;01/07/1970;31/12/2019;01/01/2020;;3;PRECO FIXO;371,29;371,29;;0;;;;
2850;374;UNIVERSIDADE ESTACIO DE SA;1840;EAD SANTA RITA - PB;4335;GESTAO DE TURISMO;9;VIRTUAL;4;TECNOLOGICA;EAD;01/07/1970;31/12/2019;01/01/2020;;3;PRECO FIXO;371,29;371,29;;0;;;;
2792;374;UNIVERSIDADE ESTACIO DE SA;1840;EAD SANTA RITA - PB;4515;GESTAO E EMPREENDEDORISMO;9;VIRTUAL;11;TRADICIONAL;EAD;01/07/1970;31/12/2019;01/01/2020;;3;PRECO FIXO;371,29;371,29;;0;;;;
2850;374;UNIVERSIDADE ESTACIO DE SA;1840;EAD SANTA RITA - PB;4366;GESTAO FINANCEIRA;9;VIRTUAL;4;TECNOLOGICA;EAD;01/07/1970;31/12/2019;01/01/2020;;3;PRECO FIXO;371,29;371,29;;0;;;;
2850;374;UNIVERSIDADE ESTACIO DE SA;1840;EAD SANTA RITA - PB;4076;GESTAO HOSPITALAR;9;VIRTUAL;4;TECNOLOGICA;EAD;01/07/1970;31/12/2019;01/01/2020;;3;PRECO FIXO;371,29;371,29;;0;;;;
2850;374;UNIVERSIDADE ESTACIO DE SA;1840;EAD SANTA RITA - PB;4292;GESTAO PUBLICA;9;VIRTUAL;4;TECNOLOGICA;EAD;01/07/1970;31/12/2019;01/01/2020;;3;PRECO FIXO;371,29;371,29;;0;;;;
2792;374;UNIVERSIDADE ESTACIO DE SA;1840;EAD SANTA RITA - PB;4017;HISTORIA;9;VIRTUAL;11;TRADICIONAL;EAD;01/07/1970;31/12/2019;01/01/2020;;3;PRECO FIXO;371,29;371,29;;0;;;;
2792;374;UNIVERSIDADE ESTACIO DE SA;1840;EAD SANTA RITA - PB;4018;HISTORIA;9;VIRTUAL;11;TRADICIONAL;EAD;01/07/1970;31/12/2019;01/01/2020;;3;PRECO FIXO;371,29;371,29;;0;;;;
2792;374;UNIVERSIDADE ESTACIO DE SA;1840;EAD SANTA RITA - PB;4500;HISTORIA - FORMACAO PEDAGOGICA;9;VIRTUAL;11;TRADICIONAL;EAD;01/07/1970;31/12/2019;01/01/2020;;3;PRECO FIXO;371,29;371,29;;0;;;;
2792;374;UNIVERSIDADE ESTACIO DE SA;1840;EAD SANTA RITA - PB;4503;HISTORIA - SEGUNDA LICENCIATURA;9;VIRTUAL;11;TRADICIONAL;EAD;01/07/1970;31/12/2019;01/01/2020;;3;PRECO FIXO;371,29;371,29;;0;;;;
2850;374;UNIVERSIDADE ESTACIO DE SA;1840;EAD SANTA RITA - PB;4081;INVESTIGACAO FORENSE E PERICIA CRIMINAL;9;VIRTUAL;4;TECNOLOGICA;EAD;01/07/1970;31/12/2019;01/01/2020;;3;PRECO FIXO;371,29;371,29;;0;;;;
2850;374;UNIVERSIDADE ESTACIO DE SA;1840;EAD SANTA RITA - PB;4355;JOGOS DIGITAIS;9;VIRTUAL;4;TECNOLOGICA;EAD;01/07/1970;31/12/2019;01/01/2020;;3;PRECO FIXO;371,29;371,29;;0;;;;
2792;374;UNIVERSIDADE ESTACIO DE SA;1840;EAD SANTA RITA - PB;4000;JORNALISMO;9;VIRTUAL;11;TRADICIONAL;EAD;01/07/1970;31/12/2019;01/01/2020;;3;PRECO FIXO;414,14;414,14;;0;;;;
2792;374;UNIVERSIDADE ESTACIO DE SA;1840;EAD SANTA RITA - PB;4026;LETRAS - ESPANHOL;9;VIRTUAL;11;TRADICIONAL;EAD;01/07/1970;31/12/2019;01/01/2020;;3;PRECO FIXO;371,29;371,29;;0;;;;
2792;374;UNIVERSIDADE ESTACIO DE SA;1840;EAD SANTA RITA - PB;4508;LETRAS - ESPANHOL - FORMACAO PEDAGOGICA;9;VIRTUAL;11;TRADICIONAL;EAD;01/07/1970;31/12/2019;01/01/2020;;3;PRECO FIXO;371,29;371,29;;0;;;;
2792;374;UNIVERSIDADE ESTACIO DE SA;1840;EAD SANTA RITA - PB;4507;LETRAS - ESPANHOL - SEGUNDA LICENCIATURA;9;VIRTUAL;11;TRADICIONAL;EAD;01/07/1970;31/12/2019;01/01/2020;;3;PRECO FIXO;371,29;371,29;;0;;;;
2792;374;UNIVERSIDADE ESTACIO DE SA;1840;EAD SANTA RITA - PB;4024;LETRAS - INGLES;9;VIRTUAL;11;TRADICIONAL;EAD;01/07/1970;31/12/2019;01/01/2020;;3;PRECO FIXO;371,29;371,29;;0;;;;
2792;374;UNIVERSIDADE ESTACIO DE SA;1840;EAD SANTA RITA - PB;4501;LETRAS - INGLES - FORMACAO PEDAGOGICA;9;VIRTUAL;11;TRADICIONAL;EAD;01/07/1970;31/12/2019;01/01/2020;;3;PRECO FIXO;371,29;371,29;;0;;;;
2792;374;UNIVERSIDADE ESTACIO DE SA;1840;EAD SANTA RITA - PB;4522;LETRAS - INGLES - SEGUNDA LICENCIATURA;9;VIRTUAL;11;TRADICIONAL;EAD;01/07/1970;31/12/2019;01/01/2020;;3;PRECO FIXO;371,29;371,29;;0;;;;
2792;374;UNIVERSIDADE ESTACIO DE SA;1840;EAD SANTA RITA - PB;4512;LETRAS - LIBRAS - LINGUA PORTUGUESA;9;VIRTUAL;11;TRADICIONAL;EAD;01/07/1970;31/12/2019;01/01/2020;;3;PRECO FIXO;371,29;371,29;;0;;;;
2792;374;UNIVERSIDADE ESTACIO DE SA;1840;EAD SANTA RITA - PB;4022;LETRAS - LINGUA PORTUGUESA;9;VIRTUAL;11;TRADICIONAL;EAD;01/07/1970;31/12/2019;01/01/2020;;3;PRECO FIXO;371,29;371,29;;0;;;;
2792;374;UNIVERSIDADE ESTACIO DE SA;1840;EAD SANTA RITA - PB;4510;LETRAS - LINGUA PORTUGUESA;9;VIRTUAL;11;TRADICIONAL;EAD;01/07/1970;31/12/2019;01/01/2020;;3;PRECO FIXO;371,29;371,29;;0;;;;
2792;374;UNIVERSIDADE ESTACIO DE SA;1840;EAD SANTA RITA - PB;4502;LETRAS - LINGUA PORTUGUESA - FORMACAO PEDAGOGICA;9;VIRTUAL;11;TRADICIONAL;EAD;01/07/1970;31/12/2019;01/01/2020;;3;PRECO FIXO;371,29;371,29;;0;;;;
2792;374;UNIVERSIDADE ESTACIO DE SA;1840;EAD SANTA RITA - PB;4504;LETRAS - LINGUA PORTUGUESA - SEGUNDA LICENCIATURA;9;VIRTUAL;11;TRADICIONAL;EAD;01/07/1970;31/12/2019;01/01/2020;;3;PRECO FIXO;371,29;371,29;;0;;;;
2850;374;UNIVERSIDADE ESTACIO DE SA;1840;EAD SANTA RITA - PB;4339;LOGISTICA;9;VIRTUAL;4;TECNOLOGICA;EAD;01/07/1970;31/12/2019;01/01/2020;;3;PRECO FIXO;371,29;371,29;;0;;;;
2850;374;UNIVERSIDADE ESTACIO DE SA;1840;EAD SANTA RITA - PB;4341;MARKETING;9;VIRTUAL;4;TECNOLOGICA;EAD;01/07/1970;31/12/2019;01/01/2020;;3;PRECO FIXO;371,29;371,29;;0;;;;
2792;374;UNIVERSIDADE ESTACIO DE SA;1840;EAD SANTA RITA - PB;10;MATEMATICA;9;VIRTUAL;11;TRADICIONAL;EAD;01/07/1970;31/12/2019;01/01/2020;;3;PRECO FIXO;371,29;371,29;;0;;;;
2792;374;UNIVERSIDADE ESTACIO DE SA;1840;EAD SANTA RITA - PB;4511;MATEMATICA;9;VIRTUAL;11;TRADICIONAL;EAD;01/07/1970;31/12/2019;01/01/2020;;3;PRECO FIXO;371,29;371,29;;0;;;;
2792;374;UNIVERSIDADE ESTACIO DE SA;1840;EAD SANTA RITA - PB;2963;MATEMATICA - FORMACAO PEDAGOGICA;9;VIRTUAL;11;TRADICIONAL;EAD;01/07/1970;31/12/2019;01/01/2020;;3;PRECO FIXO;371,29;371,29;;0;;;;
2792;374;UNIVERSIDADE ESTACIO DE SA;1840;EAD SANTA RITA - PB;4505;MATEMATICA - SEGUNDA LICENCIATURA;9;VIRTUAL;11;TRADICIONAL;EAD;01/07/1970;31/12/2019;01/01/2020;;3;PRECO FIXO;371,29;371,29;;0;;;;
2850;374;UNIVERSIDADE ESTACIO DE SA;1840;EAD SANTA RITA - PB;4080;MEDIACAO;9;VIRTUAL;4;TECNOLOGICA;EAD;01/07/1970;31/12/2019;01/01/2020;;3;PRECO FIXO;371,29;371,29;;0;;;;
2850;374;UNIVERSIDADE ESTACIO DE SA;1840;EAD SANTA RITA - PB;4079;NEGOCIOS IMOBILIARIOS;9;VIRTUAL;4;TECNOLOGICA;EAD;01/07/1970;31/12/2019;01/01/2020;;3;PRECO FIXO;228,43;228,43;;0;;;;
2792;374;UNIVERSIDADE ESTACIO DE SA;1840;EAD SANTA RITA - PB;11;PEDAGOGIA;9;VIRTUAL;11;TRADICIONAL;EAD;01/07/1970;31/12/2019;01/01/2020;;3;PRECO FIXO;371,29;371,29;;0;;;;
2792;374;UNIVERSIDADE ESTACIO DE SA;1840;EAD SANTA RITA - PB;3392;PEDAGOGIA - FORMACAO PEDAGOGICA;9;VIRTUAL;11;TRADICIONAL;EAD;01/07/1970;31/12/2019;01/01/2020;;3;PRECO FIXO;371,29;371,29;;0;;;;
2792;374;UNIVERSIDADE ESTACIO DE SA;1840;EAD SANTA RITA - PB;4506;PEDAGOGIA - SEGUNDA LICENCIATURA;9;VIRTUAL;11;TRADICIONAL;EAD;01/07/1970;31/12/2019;01/01/2020;;3;PRECO FIXO;371,29;371,29;;0;;;;
2850;374;UNIVERSIDADE ESTACIO DE SA;1840;EAD SANTA RITA - PB;4518;PROCESSOS ESCOLARES;9;VIRTUAL;4;TECNOLOGICA;EAD;01/07/1970;31/12/2019;01/01/2020;;3;PRECO FIXO;371,29;371,29;;0;;;;
2850;374;UNIVERSIDADE ESTACIO DE SA;1840;EAD SANTA RITA - PB;4359;PROCESSOS GERENCIAIS;9;VIRTUAL;4;TECNOLOGICA;EAD;01/07/1970;31/12/2019;01/01/2020;;3;PRECO FIXO;371,29;371,29;;0;;;;
2792;374;UNIVERSIDADE ESTACIO DE SA;1840;EAD SANTA RITA - PB;4001;PUBLICIDADE E PROPAGANDA;9;VIRTUAL;11;TRADICIONAL;EAD;01/07/1970;31/12/2019;01/01/2020;;3;PRECO FIXO;414,14;414,14;;0;;;;
2792;374;UNIVERSIDADE ESTACIO DE SA;1840;EAD SANTA RITA - PB;19;RELACOES INTERNACIONAIS;9;VIRTUAL;11;TRADICIONAL;EAD;01/07/1970;31/12/2019;01/01/2020;;3;PRECO FIXO;414,14;414,14;;0;;;;
2792;374;UNIVERSIDADE ESTACIO DE SA;1840;EAD SANTA RITA - PB;3391;SECRETARIADO EXECUTIVO;9;VIRTUAL;11;TRADICIONAL;EAD;01/07/1970;31/12/2019;01/01/2020;;3;PRECO FIXO;414,14;414,14;;0;;;;
2850;374;UNIVERSIDADE ESTACIO DE SA;1840;EAD SANTA RITA - PB;3390;SEGURANCA NO TRABALHO;9;VIRTUAL;4;TECNOLOGICA;EAD;01/07/1970;31/12/2019;01/01/2020;;3;PRECO FIXO;371,29;371,29;;0;;;;
2850;374;UNIVERSIDADE ESTACIO DE SA;1840;EAD SANTA RITA - PB;4099;SEGURANCA PUBLICA;9;VIRTUAL;4;TECNOLOGICA;EAD;01/07/1970;31/12/2019;01/01/2020;;3;PRECO FIXO;371,29;371,29;;0;;;;
2792;374;UNIVERSIDADE ESTACIO DE SA;1840;EAD SANTA RITA - PB;289;SERVICO SOCIAL;9;VIRTUAL;11;TRADICIONAL;EAD;01/07/1970;31/12/2019;01/01/2020;;3;PRECO FIXO;385,57;385,57;;0;;;;
2792;374;UNIVERSIDADE ESTACIO DE SA;1840;EAD SANTA RITA - PB;35;SISTEMAS DE INFORMACAO;9;VIRTUAL;11;TRADICIONAL;EAD;01/07/1970;31/12/2019;01/01/2020;;3;PRECO FIXO;414,14;414,14;;0;;;;
2850;374;UNIVERSIDADE ESTACIO DE SA;1840;EAD SANTA RITA - PB;4349;SISTEMAS PARA INTERNET;9;VIRTUAL;4;TECNOLOGICA;EAD;01/07/1970;31/12/2019;01/01/2020;;3;PRECO FIXO;371,29;371,29;;0;;;;
2792;374;UNIVERSIDADE ESTACIO DE SA;1840;EAD SANTA RITA - PB;865;SOCIOLOGIA;9;VIRTUAL;11;TRADICIONAL;EAD;01/07/1970;31/12/2019;01/01/2020;;3;PRECO FIXO;371,29;371,29;;0;;;;
2850;374;UNIVERSIDADE ESTACIO DE SA;1840;EAD SANTA RITA - PB;4517;TECNOLOGIAS EDUCACIONAIS;9;VIRTUAL;4;TECNOLOGICA;EAD;01/07/1970;31/12/2019;01/01/2020;;3;PRECO FIXO;371,29;371,29;;0;;;;
2792;374;UNIVERSIDADE ESTACIO DE SA;1840;EAD SANTA RITA - PB;646;TEOLOGIA;9;VIRTUAL;11;TRADICIONAL;EAD;01/07/1970;31/12/2019;01/01/2020;;3;PRECO FIXO;371,29;371,29;;0;;;;
2792;374;UNIVERSIDADE ESTACIO DE SA;1840;EAD SANTA RITA - PB;4514;TURISMO - LICENCIATURA;9;VIRTUAL;11;TRADICIONAL;EAD;01/07/1970;31/12/2019;01/01/2020;;3;PRECO FIXO;371,29;371,29;;0;;;;
2792;374;UNIVERSIDADE ESTACIO DE SA;1839;EAD PEDRA - PE;2;ADMINISTRACAO;9;VIRTUAL;11;TRADICIONAL;EAD;01/07/1970;31/12/2019;01/01/2020;;3;PRECO FIXO;399,86;399,86;;0;;;;
2792;374;UNIVERSIDADE ESTACIO DE SA;1839;EAD PEDRA - PE;3386;ADMINISTRACAO PUBLICA;9;VIRTUAL;11;TRADICIONAL;EAD;01/07/1970;31/12/2019;01/01/2020;;3;PRECO FIXO;399,86;399,86;;0;;;;
2850;374;UNIVERSIDADE ESTACIO DE SA;1839;EAD PEDRA - PE;4340;ANALISE E DESENVOLVIMENTO DE SISTEMAS;9;VIRTUAL;4;TECNOLOGICA;EAD;01/07/1970;31/12/2019;01/01/2020;;3;PRECO FIXO;371,29;371,29;;0;;;;
2792;374;UNIVERSIDADE ESTACIO DE SA;1839;EAD PEDRA - PE;945;ARTES VISUAIS;9;VIRTUAL;11;TRADICIONAL;EAD;01/07/1970;31/12/2019;01/01/2020;;3;PRECO FIXO;357;357;;0;;;;
2850;374;UNIVERSIDADE ESTACIO DE SA;1839;EAD PEDRA - PE;4202;BANCO DE DADOS;9;VIRTUAL;4;TECNOLOGICA;EAD;01/07/1970;31/12/2019;01/01/2020;;3;PRECO FIXO;371,29;371,29;;0;;;;
2792;374;UNIVERSIDADE ESTACIO DE SA;1839;EAD PEDRA - PE;556;CIENCIA DA COMPUTACAO;9;VIRTUAL;11;TRADICIONAL;EAD;01/07/1970;31/12/2019;01/01/2020;;3;PRECO FIXO;642,71;642,71;;0;;;;
2850;374;UNIVERSIDADE ESTACIO DE SA;1839;EAD PEDRA - PE;3388;CIENCIA DE DADOS;9;VIRTUAL;4;TECNOLOGICA;EAD;01/07/1970;31/12/2019;01/01/2020;;3;PRECO FIXO;371,29;371,29;;0;;;;
2792;374;UNIVERSIDADE ESTACIO DE SA;1839;EAD PEDRA - PE;22;CIENCIAS CONTABEIS;9;VIRTUAL;11;TRADICIONAL;EAD;01/07/1970;31/12/2019;01/01/2020;;3;PRECO FIXO;399,86;399,86;;0;;;;
2792;374;UNIVERSIDADE ESTACIO DE SA;1839;EAD PEDRA - PE;4519;CIENCIAS DA NATUREZA;9;VIRTUAL;11;TRADICIONAL;EAD;01/07/1970;31/12/2019;01/01/2020;;3;PRECO FIXO;357;357;;0;;;;
2792;374;UNIVERSIDADE ESTACIO DE SA;1839;EAD PEDRA - PE;3;CIENCIAS ECONOMICAS;9;VIRTUAL;11;TRADICIONAL;EAD;01/07/1970;31/12/2019;01/01/2020;;3;PRECO FIXO;399,86;399,86;;0;;;;
2792;374;UNIVERSIDADE ESTACIO DE SA;1839;EAD PEDRA - PE;4520;CIENCIAS EXATAS;9;VIRTUAL;11;TRADICIONAL;EAD;01/07/1970;31/12/2019;01/01/2020;;3;PRECO FIXO;357;357;;0;;;;
2792;374;UNIVERSIDADE ESTACIO DE SA;1839;EAD PEDRA - PE;4521;CIENCIAS HUMANAS;9;VIRTUAL;11;TRADICIONAL;EAD;01/07/1970;31/12/2019;01/01/2020;;3;PRECO FIXO;399,86;399,86;;0;;;;
2850;374;UNIVERSIDADE ESTACIO DE SA;1839;EAD PEDRA - PE;4342;COMERCIO EXTERIOR;9;VIRTUAL;4;TECNOLOGICA;EAD;01/07/1970;31/12/2019;01/01/2020;;3;PRECO FIXO;371,29;371,29;;0;;;;
2792;374;UNIVERSIDADE ESTACIO DE SA;1839;EAD PEDRA - PE;4523;COMPUTACAO;9;VIRTUAL;11;TRADICIONAL;EAD;01/07/1970;31/12/2019;01/01/2020;;3;PRECO FIXO;357;357;;0;;;;
2850;374;UNIVERSIDADE ESTACIO DE SA;1839;EAD PEDRA - PE;4369;COMUNICACAO INSTITUCIONAL;9;VIRTUAL;4;TECNOLOGICA;EAD;01/07/1970;31/12/2019;01/01/2020;;3;PRECO FIXO;371,29;371,29;;0;;;;
2850;374;UNIVERSIDADE ESTACIO DE SA;1839;EAD PEDRA - PE;4389;COZINHA CONTEMPORANEA;9;VIRTUAL;4;TECNOLOGICA;EAD;01/07/1970;31/12/2019;01/01/2020;;3;PRECO FIXO;642,71;642,71;;0;;;;
2850;374;UNIVERSIDADE ESTACIO DE SA;1839;EAD PEDRA - PE;4093;DEFESA CIBERNETICA;9;VIRTUAL;4;TECNOLOGICA;EAD;01/07/1970;31/12/2019;01/01/2020;;3;PRECO FIXO;371,29;371,29;;0;;;;
2792;374;UNIVERSIDADE ESTACIO DE SA;1839;EAD PEDRA - PE;3389;ENGENHARIA DE SOFTWARE;9;VIRTUAL;11;TRADICIONAL;EAD;01/07/1970;31/12/2019;01/01/2020;;3;PRECO FIXO;642,71;642,71;;0;;;;
2792;374;UNIVERSIDADE ESTACIO DE SA;1839;EAD PEDRA - PE;645;FILOSOFIA;9;VIRTUAL;11;TRADICIONAL;EAD;01/07/1970;31/12/2019;01/01/2020;;3;PRECO FIXO;357;357;;0;;;;
2792;374;UNIVERSIDADE ESTACIO DE SA;1839;EAD PEDRA - PE;4019;GEOGRAFIA;9;VIRTUAL;11;TRADICIONAL;EAD;01/07/1970;31/12/2019;01/01/2020;;3;PRECO FIXO;357;357;;0;;;;
2792;374;UNIVERSIDADE ESTACIO DE SA;1839;EAD PEDRA - PE;4020;GEOGRAFIA;9;VIRTUAL;11;TRADICIONAL;EAD;01/07/1970;31/12/2019;01/01/2020;;3;PRECO FIXO;357;357;;0;;;;
2792;374;UNIVERSIDADE ESTACIO DE SA;1839;EAD PEDRA - PE;4509;GEOGRAFIA - SEGUNDA LICENCIATURA;9;VIRTUAL;11;TRADICIONAL;EAD;01/07/1970;31/12/2019;01/01/2020;;3;PRECO FIXO;357;357;;0;;;;
2850;374;UNIVERSIDADE ESTACIO DE SA;1839;EAD PEDRA - PE;4516;GERONTOLOGIA - BEM ESTAR E EDUCACAO;9;VIRTUAL;4;TECNOLOGICA;EAD;01/07/1970;31/12/2019;01/01/2020;;3;PRECO FIXO;371,29;371,29;;0;;;;
2850;374;UNIVERSIDADE ESTACIO DE SA;1839;EAD PEDRA - PE;4345;GESTAO AMBIENTAL;9;VIRTUAL;4;TECNOLOGICA;EAD;01/07/1970;31/12/2019;01/01/2020;;3;PRECO FIXO;371,29;371,29;;0;;;;
2850;374;UNIVERSIDADE ESTACIO DE SA;1839;EAD PEDRA - PE;4347;GESTAO COMERCIAL;9;VIRTUAL;4;TECNOLOGICA;EAD;01/07/1970;31/12/2019;01/01/2020;;3;PRECO FIXO;371,29;371,29;;0;;;;
2850;374;UNIVERSIDADE ESTACIO DE SA;1839;EAD PEDRA - PE;4370;GESTAO DA QUALIDADE;9;VIRTUAL;4;TECNOLOGICA;EAD;01/07/1970;31/12/2019;01/01/2020;;3;PRECO FIXO;371,29;371,29;;0;;;;
2850;374;UNIVERSIDADE ESTACIO DE SA;1839;EAD PEDRA - PE;4334;GESTAO DA TECNOLOGIA DA INFORMACAO;9;VIRTUAL;4;TECNOLOGICA;EAD;01/07/1970;31/12/2019;01/01/2020;;3;PRECO FIXO;371,29;371,29;;0;;;;
2850;374;UNIVERSIDADE ESTACIO DE SA;1839;EAD PEDRA - PE;4070;GESTAO DE RECURSOS HUMANOS;9;VIRTUAL;4;TECNOLOGICA;EAD;01/07/1970;31/12/2019;01/01/2020;;3;PRECO FIXO;371,29;371,29;;0;;;;
2850;374;UNIVERSIDADE ESTACIO DE SA;1839;EAD PEDRA - PE;4346;GESTAO DE SEGURANCA PRIVADA;9;VIRTUAL;4;TECNOLOGICA;EAD;01/07/1970;31/12/2019;01/01/2020;;3;PRECO FIXO;371,29;371,29;;0;;;;
2850;374;UNIVERSIDADE ESTACIO DE SA;1839;EAD PEDRA - PE;4335;GESTAO DE TURISMO;9;VIRTUAL;4;TECNOLOGICA;EAD;01/07/1970;31/12/2019;01/01/2020;;3;PRECO FIXO;371,29;371,29;;0;;;;
2792;374;UNIVERSIDADE ESTACIO DE SA;1839;EAD PEDRA - PE;4515;GESTAO E EMPREENDEDORISMO;9;VIRTUAL;11;TRADICIONAL;EAD;01/07/1970;31/12/2019;01/01/2020;;3;PRECO FIXO;357;357;;0;;;;
2850;374;UNIVERSIDADE ESTACIO DE SA;1839;EAD PEDRA - PE;4366;GESTAO FINANCEIRA;9;VIRTUAL;4;TECNOLOGICA;EAD;01/07/1970;31/12/2019;01/01/2020;;3;PRECO FIXO;371,29;371,29;;0;;;;
2850;374;UNIVERSIDADE ESTACIO DE SA;1839;EAD PEDRA - PE;4076;GESTAO HOSPITALAR;9;VIRTUAL;4;TECNOLOGICA;EAD;01/07/1970;31/12/2019;01/01/2020;;3;PRECO FIXO;371,29;371,29;;0;;;;
2850;374;UNIVERSIDADE ESTACIO DE SA;1839;EAD PEDRA - PE;4292;GESTAO PUBLICA;9;VIRTUAL;4;TECNOLOGICA;EAD;01/07/1970;31/12/2019;01/01/2020;;3;PRECO FIXO;371,29;371,29;;0;;;;
2792;374;UNIVERSIDADE ESTACIO DE SA;1839;EAD PEDRA - PE;4017;HISTORIA;9;VIRTUAL;11;TRADICIONAL;EAD;01/07/1970;31/12/2019;01/01/2020;;3;PRECO FIXO;357;357;;0;;;;
2792;374;UNIVERSIDADE ESTACIO DE SA;1839;EAD PEDRA - PE;4018;HISTORIA;9;VIRTUAL;11;TRADICIONAL;EAD;01/07/1970;31/12/2019;01/01/2020;;3;PRECO FIXO;357;357;;0;;;;
2792;374;UNIVERSIDADE ESTACIO DE SA;1839;EAD PEDRA - PE;4500;HISTORIA - FORMACAO PEDAGOGICA;9;VIRTUAL;11;TRADICIONAL;EAD;01/07/1970;31/12/2019;01/01/2020;;3;PRECO FIXO;357;357;;0;;;;
2792;374;UNIVERSIDADE ESTACIO DE SA;1839;EAD PEDRA - PE;4503;HISTORIA - SEGUNDA LICENCIATURA;9;VIRTUAL;11;TRADICIONAL;EAD;01/07/1970;31/12/2019;01/01/2020;;3;PRECO FIXO;357;357;;0;;;;
2850;374;UNIVERSIDADE ESTACIO DE SA;1839;EAD PEDRA - PE;4081;INVESTIGACAO FORENSE E PERICIA CRIMINAL;9;VIRTUAL;4;TECNOLOGICA;EAD;01/07/1970;31/12/2019;01/01/2020;;3;PRECO FIXO;371,29;371,29;;0;;;;
2850;374;UNIVERSIDADE ESTACIO DE SA;1839;EAD PEDRA - PE;4355;JOGOS DIGITAIS;9;VIRTUAL;4;TECNOLOGICA;EAD;01/07/1970;31/12/2019;01/01/2020;;3;PRECO FIXO;371,29;371,29;;0;;;;
2792;374;UNIVERSIDADE ESTACIO DE SA;1839;EAD PEDRA - PE;4000;JORNALISMO;9;VIRTUAL;11;TRADICIONAL;EAD;01/07/1970;31/12/2019;01/01/2020;;3;PRECO FIXO;399,86;399,86;;0;;;;
2792;374;UNIVERSIDADE ESTACIO DE SA;1839;EAD PEDRA - PE;4026;LETRAS - ESPANHOL;9;VIRTUAL;11;TRADICIONAL;EAD;01/07/1970;31/12/2019;01/01/2020;;3;PRECO FIXO;357;357;;0;;;;
2792;374;UNIVERSIDADE ESTACIO DE SA;1839;EAD PEDRA - PE;4508;LETRAS - ESPANHOL - FORMACAO PEDAGOGICA;9;VIRTUAL;11;TRADICIONAL;EAD;01/07/1970;31/12/2019;01/01/2020;;3;PRECO FIXO;357;357;;0;;;;
2792;374;UNIVERSIDADE ESTACIO DE SA;1839;EAD PEDRA - PE;4507;LETRAS - ESPANHOL - SEGUNDA LICENCIATURA;9;VIRTUAL;11;TRADICIONAL;EAD;01/07/1970;31/12/2019;01/01/2020;;3;PRECO FIXO;357;357;;0;;;;
2792;374;UNIVERSIDADE ESTACIO DE SA;1839;EAD PEDRA - PE;4024;LETRAS - INGLES;9;VIRTUAL;11;TRADICIONAL;EAD;01/07/1970;31/12/2019;01/01/2020;;3;PRECO FIXO;357;357;;0;;;;
2792;374;UNIVERSIDADE ESTACIO DE SA;1839;EAD PEDRA - PE;4501;LETRAS - INGLES - FORMACAO PEDAGOGICA;9;VIRTUAL;11;TRADICIONAL;EAD;01/07/1970;31/12/2019;01/01/2020;;3;PRECO FIXO;357;357;;0;;;;
2792;374;UNIVERSIDADE ESTACIO DE SA;1839;EAD PEDRA - PE;4522;LETRAS - INGLES - SEGUNDA LICENCIATURA;9;VIRTUAL;11;TRADICIONAL;EAD;01/07/1970;31/12/2019;01/01/2020;;3;PRECO FIXO;357;357;;0;;;;
2792;374;UNIVERSIDADE ESTACIO DE SA;1839;EAD PEDRA - PE;4512;LETRAS - LIBRAS - LINGUA PORTUGUESA;9;VIRTUAL;11;TRADICIONAL;EAD;01/07/1970;31/12/2019;01/01/2020;;3;PRECO FIXO;357;357;;0;;;;
2792;374;UNIVERSIDADE ESTACIO DE SA;1839;EAD PEDRA - PE;4022;LETRAS - LINGUA PORTUGUESA;9;VIRTUAL;11;TRADICIONAL;EAD;01/07/1970;31/12/2019;01/01/2020;;3;PRECO FIXO;357;357;;0;;;;
2792;374;UNIVERSIDADE ESTACIO DE SA;1839;EAD PEDRA - PE;4510;LETRAS - LINGUA PORTUGUESA;9;VIRTUAL;11;TRADICIONAL;EAD;01/07/1970;31/12/2019;01/01/2020;;3;PRECO FIXO;357;357;;0;;;;
2792;374;UNIVERSIDADE ESTACIO DE SA;1839;EAD PEDRA - PE;4502;LETRAS - LINGUA PORTUGUESA - FORMACAO PEDAGOGICA;9;VIRTUAL;11;TRADICIONAL;EAD;01/07/1970;31/12/2019;01/01/2020;;3;PRECO FIXO;357;357;;0;;;;
2792;374;UNIVERSIDADE ESTACIO DE SA;1839;EAD PEDRA - PE;4504;LETRAS - LINGUA PORTUGUESA - SEGUNDA LICENCIATURA;9;VIRTUAL;11;TRADICIONAL;EAD;01/07/1970;31/12/2019;01/01/2020;;3;PRECO FIXO;357;357;;0;;;;
2850;374;UNIVERSIDADE ESTACIO DE SA;1839;EAD PEDRA - PE;4339;LOGISTICA;9;VIRTUAL;4;TECNOLOGICA;EAD;01/07/1970;31/12/2019;01/01/2020;;3;PRECO FIXO;371,29;371,29;;0;;;;
2850;374;UNIVERSIDADE ESTACIO DE SA;1839;EAD PEDRA - PE;4341;MARKETING;9;VIRTUAL;4;TECNOLOGICA;EAD;01/07/1970;31/12/2019;01/01/2020;;3;PRECO FIXO;371,29;371,29;;0;;;;
2792;374;UNIVERSIDADE ESTACIO DE SA;1839;EAD PEDRA - PE;10;MATEMATICA;9;VIRTUAL;11;TRADICIONAL;EAD;01/07/1970;31/12/2019;01/01/2020;;3;PRECO FIXO;357;357;;0;;;;
2792;374;UNIVERSIDADE ESTACIO DE SA;1839;EAD PEDRA - PE;4511;MATEMATICA;9;VIRTUAL;11;TRADICIONAL;EAD;01/07/1970;31/12/2019;01/01/2020;;3;PRECO FIXO;357;357;;0;;;;
2792;374;UNIVERSIDADE ESTACIO DE SA;1839;EAD PEDRA - PE;2963;MATEMATICA - FORMACAO PEDAGOGICA;9;VIRTUAL;11;TRADICIONAL;EAD;01/07/1970;31/12/2019;01/01/2020;;3;PRECO FIXO;357;357;;0;;;;
2792;374;UNIVERSIDADE ESTACIO DE SA;1839;EAD PEDRA - PE;4505;MATEMATICA - SEGUNDA LICENCIATURA;9;VIRTUAL;11;TRADICIONAL;EAD;01/07/1970;31/12/2019;01/01/2020;;3;PRECO FIXO;357;357;;0;;;;
2850;374;UNIVERSIDADE ESTACIO DE SA;1839;EAD PEDRA - PE;4080;MEDIACAO;9;VIRTUAL;4;TECNOLOGICA;EAD;01/07/1970;31/12/2019;01/01/2020;;3;PRECO FIXO;371,29;371,29;;0;;;;
2850;374;UNIVERSIDADE ESTACIO DE SA;1839;EAD PEDRA - PE;4079;NEGOCIOS IMOBILIARIOS;9;VIRTUAL;4;TECNOLOGICA;EAD;01/07/1970;31/12/2019;01/01/2020;;3;PRECO FIXO;228,43;228,43;;0;;;;
2792;374;UNIVERSIDADE ESTACIO DE SA;1839;EAD PEDRA - PE;11;PEDAGOGIA;9;VIRTUAL;11;TRADICIONAL;EAD;01/07/1970;31/12/2019;01/01/2020;;3;PRECO FIXO;357;357;;0;;;;
2792;374;UNIVERSIDADE ESTACIO DE SA;1839;EAD PEDRA - PE;3392;PEDAGOGIA - FORMACAO PEDAGOGICA;9;VIRTUAL;11;TRADICIONAL;EAD;01/07/1970;31/12/2019;01/01/2020;;3;PRECO FIXO;357;357;;0;;;;
2792;374;UNIVERSIDADE ESTACIO DE SA;1839;EAD PEDRA - PE;4506;PEDAGOGIA - SEGUNDA LICENCIATURA;9;VIRTUAL;11;TRADICIONAL;EAD;01/07/1970;31/12/2019;01/01/2020;;3;PRECO FIXO;357;357;;0;;;;
2850;374;UNIVERSIDADE ESTACIO DE SA;1839;EAD PEDRA - PE;4518;PROCESSOS ESCOLARES;9;VIRTUAL;4;TECNOLOGICA;EAD;01/07/1970;31/12/2019;01/01/2020;;3;PRECO FIXO;371,29;371,29;;0;;;;
2850;374;UNIVERSIDADE ESTACIO DE SA;1839;EAD PEDRA - PE;4359;PROCESSOS GERENCIAIS;9;VIRTUAL;4;TECNOLOGICA;EAD;01/07/1970;31/12/2019;01/01/2020;;3;PRECO FIXO;371,29;371,29;;0;;;;
2792;374;UNIVERSIDADE ESTACIO DE SA;1839;EAD PEDRA - PE;4001;PUBLICIDADE E PROPAGANDA;9;VIRTUAL;11;TRADICIONAL;EAD;01/07/1970;31/12/2019;01/01/2020;;3;PRECO FIXO;399,86;399,86;;0;;;;
2792;374;UNIVERSIDADE ESTACIO DE SA;1839;EAD PEDRA - PE;19;RELACOES INTERNACIONAIS;9;VIRTUAL;11;TRADICIONAL;EAD;01/07/1970;31/12/2019;01/01/2020;;3;PRECO FIXO;399,86;399,86;;0;;;;
2792;374;UNIVERSIDADE ESTACIO DE SA;1839;EAD PEDRA - PE;3391;SECRETARIADO EXECUTIVO;9;VIRTUAL;11;TRADICIONAL;EAD;01/07/1970;31/12/2019;01/01/2020;;3;PRECO FIXO;399,86;399,86;;0;;;;
2850;374;UNIVERSIDADE ESTACIO DE SA;1839;EAD PEDRA - PE;3390;SEGURANCA NO TRABALHO;9;VIRTUAL;4;TECNOLOGICA;EAD;01/07/1970;31/12/2019;01/01/2020;;3;PRECO FIXO;371,29;371,29;;0;;;;
2850;374;UNIVERSIDADE ESTACIO DE SA;1839;EAD PEDRA - PE;4099;SEGURANCA PUBLICA;9;VIRTUAL;4;TECNOLOGICA;EAD;01/07/1970;31/12/2019;01/01/2020;;3;PRECO FIXO;371,29;371,29;;0;;;;
2792;374;UNIVERSIDADE ESTACIO DE SA;1839;EAD PEDRA - PE;289;SERVICO SOCIAL;9;VIRTUAL;11;TRADICIONAL;EAD;01/07/1970;31/12/2019;01/01/2020;;3;PRECO FIXO;385,57;385,57;;0;;;;
2792;374;UNIVERSIDADE ESTACIO DE SA;1839;EAD PEDRA - PE;35;SISTEMAS DE INFORMACAO;9;VIRTUAL;11;TRADICIONAL;EAD;01/07/1970;31/12/2019;01/01/2020;;3;PRECO FIXO;399,86;399,86;;0;;;;
2850;374;UNIVERSIDADE ESTACIO DE SA;1839;EAD PEDRA - PE;4349;SISTEMAS PARA INTERNET;9;VIRTUAL;4;TECNOLOGICA;EAD;01/07/1970;31/12/2019;01/01/2020;;3;PRECO FIXO;371,29;371,29;;0;;;;
2792;374;UNIVERSIDADE ESTACIO DE SA;1839;EAD PEDRA - PE;865;SOCIOLOGIA;9;VIRTUAL;11;TRADICIONAL;EAD;01/07/1970;31/12/2019;01/01/2020;;3;PRECO FIXO;371,29;371,29;;0;;;;
2850;374;UNIVERSIDADE ESTACIO DE SA;1839;EAD PEDRA - PE;4517;TECNOLOGIAS EDUCACIONAIS;9;VIRTUAL;4;TECNOLOGICA;EAD;01/07/1970;31/12/2019;01/01/2020;;3;PRECO FIXO;371,29;371,29;;0;;;;
2792;374;UNIVERSIDADE ESTACIO DE SA;1839;EAD PEDRA - PE;646;TEOLOGIA;9;VIRTUAL;11;TRADICIONAL;EAD;01/07/1970;31/12/2019;01/01/2020;;3;PRECO FIXO;357;357;;0;;;;
2792;374;UNIVERSIDADE ESTACIO DE SA;1839;EAD PEDRA - PE;4514;TURISMO - LICENCIATURA;9;VIRTUAL;11;TRADICIONAL;EAD;01/07/1970;31/12/2019;01/01/2020;;3;PRECO FIXO;357;357;;0;;;;
2741;2042;CENTRO UNIVERSITARIO ESTACIO DE RIBEIRAO PRETO;1843;EAD VENTUROSA - PE;2;ADMINISTRACAO;9;VIRTUAL;11;TRADICIONAL;EAD;01/07/1970;31/12/2019;01/01/2020;;3;PRECO FIXO;399,86;399,86;;0;;;;
2741;2042;CENTRO UNIVERSITARIO ESTACIO DE RIBEIRAO PRETO;1843;EAD VENTUROSA - PE;3386;ADMINISTRACAO PUBLICA;9;VIRTUAL;11;TRADICIONAL;EAD;01/07/1970;31/12/2019;01/01/2020;;3;PRECO FIXO;399,86;399,86;;0;;;;
2797;2042;CENTRO UNIVERSITARIO ESTACIO DE RIBEIRAO PRETO;1843;EAD VENTUROSA - PE;4340;ANALISE E DESENVOLVIMENTO DE SISTEMAS;9;VIRTUAL;4;TECNOLOGICA;EAD;01/07/1970;31/12/2019;01/01/2020;;3;PRECO FIXO;371,29;371,29;;0;;;;
2741;2042;CENTRO UNIVERSITARIO ESTACIO DE RIBEIRAO PRETO;1843;EAD VENTUROSA - PE;945;ARTES VISUAIS;9;VIRTUAL;11;TRADICIONAL;EAD;01/07/1970;31/12/2019;01/01/2020;;3;PRECO FIXO;357;357;;0;;;;
2797;2042;CENTRO UNIVERSITARIO ESTACIO DE RIBEIRAO PRETO;1843;EAD VENTUROSA - PE;4202;BANCO DE DADOS;9;VIRTUAL;4;TECNOLOGICA;EAD;01/07/1970;31/12/2019;01/01/2020;;3;PRECO FIXO;371,29;371,29;;0;;;;
2741;2042;CENTRO UNIVERSITARIO ESTACIO DE RIBEIRAO PRETO;1843;EAD VENTUROSA - PE;556;CIENCIA DA COMPUTACAO;9;VIRTUAL;11;TRADICIONAL;EAD;01/07/1970;31/12/2019;01/01/2020;;3;PRECO FIXO;642,71;642,71;;0;;;;
2797;2042;CENTRO UNIVERSITARIO ESTACIO DE RIBEIRAO PRETO;1843;EAD VENTUROSA - PE;3388;CIENCIA DE DADOS;9;VIRTUAL;4;TECNOLOGICA;EAD;01/07/1970;31/12/2019;01/01/2020;;3;PRECO FIXO;371,29;371,29;;0;;;;
2741;2042;CENTRO UNIVERSITARIO ESTACIO DE RIBEIRAO PRETO;1843;EAD VENTUROSA - PE;22;CIENCIAS CONTABEIS;9;VIRTUAL;11;TRADICIONAL;EAD;01/07/1970;31/12/2019;01/01/2020;;3;PRECO FIXO;399,86;399,86;;0;;;;
2741;2042;CENTRO UNIVERSITARIO ESTACIO DE RIBEIRAO PRETO;1843;EAD VENTUROSA - PE;4519;CIENCIAS DA NATUREZA;9;VIRTUAL;11;TRADICIONAL;EAD;01/07/1970;31/12/2019;01/01/2020;;3;PRECO FIXO;357;357;;0;;;;
2741;2042;CENTRO UNIVERSITARIO ESTACIO DE RIBEIRAO PRETO;1843;EAD VENTUROSA - PE;3;CIENCIAS ECONOMICAS;9;VIRTUAL;11;TRADICIONAL;EAD;01/07/1970;31/12/2019;01/01/2020;;3;PRECO FIXO;399,86;399,86;;0;;;;
2741;2042;CENTRO UNIVERSITARIO ESTACIO DE RIBEIRAO PRETO;1843;EAD VENTUROSA - PE;4520;CIENCIAS EXATAS;9;VIRTUAL;11;TRADICIONAL;EAD;01/07/1970;31/12/2019;01/01/2020;;3;PRECO FIXO;357;357;;0;;;;
2741;2042;CENTRO UNIVERSITARIO ESTACIO DE RIBEIRAO PRETO;1843;EAD VENTUROSA - PE;4521;CIENCIAS HUMANAS;9;VIRTUAL;11;TRADICIONAL;EAD;01/07/1970;31/12/2019;01/01/2020;;3;PRECO FIXO;399,86;399,86;;0;;;;
2797;2042;CENTRO UNIVERSITARIO ESTACIO DE RIBEIRAO PRETO;1843;EAD VENTUROSA - PE;4342;COMERCIO EXTERIOR;9;VIRTUAL;4;TECNOLOGICA;EAD;01/07/1970;31/12/2019;01/01/2020;;3;PRECO FIXO;371,29;371,29;;0;;;;
2741;2042;CENTRO UNIVERSITARIO ESTACIO DE RIBEIRAO PRETO;1843;EAD VENTUROSA - PE;4523;COMPUTACAO;9;VIRTUAL;11;TRADICIONAL;EAD;01/07/1970;31/12/2019;01/01/2020;;3;PRECO FIXO;357;357;;0;;;;
2797;2042;CENTRO UNIVERSITARIO ESTACIO DE RIBEIRAO PRETO;1843;EAD VENTUROSA - PE;4369;COMUNICACAO INSTITUCIONAL;9;VIRTUAL;4;TECNOLOGICA;EAD;01/07/1970;31/12/2019;01/01/2020;;3;PRECO FIXO;371,29;371,29;;0;;;;
2797;2042;CENTRO UNIVERSITARIO ESTACIO DE RIBEIRAO PRETO;1843;EAD VENTUROSA - PE;4389;COZINHA CONTEMPORANEA;9;VIRTUAL;4;TECNOLOGICA;EAD;01/07/1970;31/12/2019;01/01/2020;;3;PRECO FIXO;642,71;642,71;;0;;;;
2797;2042;CENTRO UNIVERSITARIO ESTACIO DE RIBEIRAO PRETO;1843;EAD VENTUROSA - PE;4093;DEFESA CIBERNETICA;9;VIRTUAL;4;TECNOLOGICA;EAD;01/07/1970;31/12/2019;01/01/2020;;3;PRECO FIXO;371,29;371,29;;0;;;;
2741;2042;CENTRO UNIVERSITARIO ESTACIO DE RIBEIRAO PRETO;1843;EAD VENTUROSA - PE;3389;ENGENHARIA DE SOFTWARE;9;VIRTUAL;11;TRADICIONAL;EAD;01/07/1970;31/12/2019;01/01/2020;;3;PRECO FIXO;642,71;642,71;;0;;;;
2741;2042;CENTRO UNIVERSITARIO ESTACIO DE RIBEIRAO PRETO;1843;EAD VENTUROSA - PE;645;FILOSOFIA;9;VIRTUAL;11;TRADICIONAL;EAD;01/07/1970;31/12/2019;01/01/2020;;3;PRECO FIXO;357;357;;0;;;;
2741;2042;CENTRO UNIVERSITARIO ESTACIO DE RIBEIRAO PRETO;1843;EAD VENTUROSA - PE;4019;GEOGRAFIA;9;VIRTUAL;11;TRADICIONAL;EAD;01/07/1970;31/12/2019;01/01/2020;;3;PRECO FIXO;357;357;;0;;;;
2741;2042;CENTRO UNIVERSITARIO ESTACIO DE RIBEIRAO PRETO;1843;EAD VENTUROSA - PE;4020;GEOGRAFIA;9;VIRTUAL;11;TRADICIONAL;EAD;01/07/1970;31/12/2019;01/01/2020;;3;PRECO FIXO;357;357;;0;;;;
2741;2042;CENTRO UNIVERSITARIO ESTACIO DE RIBEIRAO PRETO;1843;EAD VENTUROSA - PE;4509;GEOGRAFIA - SEGUNDA LICENCIATURA;9;VIRTUAL;11;TRADICIONAL;EAD;01/07/1970;31/12/2019;01/01/2020;;3;PRECO FIXO;357;357;;0;;;;
2797;2042;CENTRO UNIVERSITARIO ESTACIO DE RIBEIRAO PRETO;1843;EAD VENTUROSA - PE;4516;GERONTOLOGIA - BEM ESTAR E EDUCACAO;9;VIRTUAL;4;TECNOLOGICA;EAD;01/07/1970;31/12/2019;01/01/2020;;3;PRECO FIXO;371,29;371,29;;0;;;;
2797;2042;CENTRO UNIVERSITARIO ESTACIO DE RIBEIRAO PRETO;1843;EAD VENTUROSA - PE;4345;GESTAO AMBIENTAL;9;VIRTUAL;4;TECNOLOGICA;EAD;01/07/1970;31/12/2019;01/01/2020;;3;PRECO FIXO;371,29;371,29;;0;;;;
2797;2042;CENTRO UNIVERSITARIO ESTACIO DE RIBEIRAO PRETO;1843;EAD VENTUROSA - PE;4347;GESTAO COMERCIAL;9;VIRTUAL;4;TECNOLOGICA;EAD;01/07/1970;31/12/2019;01/01/2020;;3;PRECO FIXO;371,29;371,29;;0;;;;
2797;2042;CENTRO UNIVERSITARIO ESTACIO DE RIBEIRAO PRETO;1843;EAD VENTUROSA - PE;4370;GESTAO DA QUALIDADE;9;VIRTUAL;4;TECNOLOGICA;EAD;01/07/1970;31/12/2019;01/01/2020;;3;PRECO FIXO;371,29;371,29;;0;;;;
2797;2042;CENTRO UNIVERSITARIO ESTACIO DE RIBEIRAO PRETO;1843;EAD VENTUROSA - PE;4334;GESTAO DA TECNOLOGIA DA INFORMACAO;9;VIRTUAL;4;TECNOLOGICA;EAD;01/07/1970;31/12/2019;01/01/2020;;3;PRECO FIXO;371,29;371,29;;0;;;;
2797;2042;CENTRO UNIVERSITARIO ESTACIO DE RIBEIRAO PRETO;1843;EAD VENTUROSA - PE;4070;GESTAO DE RECURSOS HUMANOS;9;VIRTUAL;4;TECNOLOGICA;EAD;01/07/1970;31/12/2019;01/01/2020;;3;PRECO FIXO;371,29;371,29;;0;;;;
2797;2042;CENTRO UNIVERSITARIO ESTACIO DE RIBEIRAO PRETO;1843;EAD VENTUROSA - PE;4346;GESTAO DE SEGURANCA PRIVADA;9;VIRTUAL;4;TECNOLOGICA;EAD;01/07/1970;31/12/2019;01/01/2020;;3;PRECO FIXO;371,29;371,29;;0;;;;
2797;2042;CENTRO UNIVERSITARIO ESTACIO DE RIBEIRAO PRETO;1843;EAD VENTUROSA - PE;4335;GESTAO DE TURISMO;9;VIRTUAL;4;TECNOLOGICA;EAD;01/07/1970;31/12/2019;01/01/2020;;3;PRECO FIXO;371,29;371,29;;0;;;;
2741;2042;CENTRO UNIVERSITARIO ESTACIO DE RIBEIRAO PRETO;1843;EAD VENTUROSA - PE;4515;GESTAO E EMPREENDEDORISMO;9;VIRTUAL;11;TRADICIONAL;EAD;01/07/1970;31/12/2019;01/01/2020;;3;PRECO FIXO;357;357;;0;;;;
2797;2042;CENTRO UNIVERSITARIO ESTACIO DE RIBEIRAO PRETO;1843;EAD VENTUROSA - PE;4366;GESTAO FINANCEIRA;9;VIRTUAL;4;TECNOLOGICA;EAD;01/07/1970;31/12/2019;01/01/2020;;3;PRECO FIXO;371,29;371,29;;0;;;;
2797;2042;CENTRO UNIVERSITARIO ESTACIO DE RIBEIRAO PRETO;1843;EAD VENTUROSA - PE;4076;GESTAO HOSPITALAR;9;VIRTUAL;4;TECNOLOGICA;EAD;01/07/1970;31/12/2019;01/01/2020;;3;PRECO FIXO;371,29;371,29;;0;;;;
2797;2042;CENTRO UNIVERSITARIO ESTACIO DE RIBEIRAO PRETO;1843;EAD VENTUROSA - PE;4292;GESTAO PUBLICA;9;VIRTUAL;4;TECNOLOGICA;EAD;01/07/1970;31/12/2019;01/01/2020;;3;PRECO FIXO;371,29;371,29;;0;;;;
2741;2042;CENTRO UNIVERSITARIO ESTACIO DE RIBEIRAO PRETO;1843;EAD VENTUROSA - PE;4017;HISTORIA;9;VIRTUAL;11;TRADICIONAL;EAD;01/07/1970;31/12/2019;01/01/2020;;3;PRECO FIXO;357;357;;0;;;;
2741;2042;CENTRO UNIVERSITARIO ESTACIO DE RIBEIRAO PRETO;1843;EAD VENTUROSA - PE;4018;HISTORIA;9;VIRTUAL;11;TRADICIONAL;EAD;01/07/1970;31/12/2019;01/01/2020;;3;PRECO FIXO;357;357;;0;;;;
2741;2042;CENTRO UNIVERSITARIO ESTACIO DE RIBEIRAO PRETO;1843;EAD VENTUROSA - PE;4500;HISTORIA - FORMACAO PEDAGOGICA;9;VIRTUAL;11;TRADICIONAL;EAD;01/07/1970;31/12/2019;01/01/2020;;3;PRECO FIXO;357;357;;0;;;;
2741;2042;CENTRO UNIVERSITARIO ESTACIO DE RIBEIRAO PRETO;1843;EAD VENTUROSA - PE;4503;HISTORIA - SEGUNDA LICENCIATURA;9;VIRTUAL;11;TRADICIONAL;EAD;01/07/1970;31/12/2019;01/01/2020;;3;PRECO FIXO;357;357;;0;;;;
2797;2042;CENTRO UNIVERSITARIO ESTACIO DE RIBEIRAO PRETO;1843;EAD VENTUROSA - PE;4081;INVESTIGACAO FORENSE E PERICIA CRIMINAL;9;VIRTUAL;4;TECNOLOGICA;EAD;01/07/1970;31/12/2019;01/01/2020;;3;PRECO FIXO;371,29;371,29;;0;;;;
